{
  "heldout_regimes": [
    "HeldOut-HighArbWideMaker",
    "HeldOut-RetailBurst",
    "HeldOut-InformedWide",
    "HeldOut-CompositeStress"
  ],
  "heldout_seeds": [
    223,
    227,
    229,
    233
  ],
  "results": [
    {
      "episode": 0,
      "mean_episode_reward": 0,
      "runs": 16,
      "mean_fills_per_sec": 875.5456349206349,
      "ci95_fills_per_sec": 145.747961411783,
      "mean_p99_latency_ms": 336.25,
      "ci95_p99_latency_ms": 37.31226130576918,
      "mean_retail_surplus_per_unit": -0.7329945834190587,
      "ci95_retail_surplus_per_unit": 0.23133880766409468,
      "mean_retail_adverse_selection_rate": 0.5320030553238266,
      "ci95_retail_adverse_selection_rate": 0.01522989717260134,
      "mean_surplus_transfer_gap": 3.256749889367449,
      "ci95_surplus_transfer_gap": 0.6388259364103506
    },
    {
      "episode": 20,
      "mean_episode_reward": 893.921955801187,
      "runs": 16,
      "mean_fills_per_sec": 933.4325396825396,
      "ci95_fills_per_sec": 176.88149922077633,
      "mean_p99_latency_ms": 163.125,
      "ci95_p99_latency_ms": 13.936898809903873,
      "mean_retail_surplus_per_unit": 0.04327587149697804,
      "ci95_retail_surplus_per_unit": 0.12467716722703984,
      "mean_retail_adverse_selection_rate": 0.505773826066598,
      "ci95_retail_adverse_selection_rate": 0.014609610438510957,
      "mean_surplus_transfer_gap": 2.5657359727297697,
      "ci95_surplus_transfer_gap": 0.5203600391573536
    },
    {
      "episode": 40,
      "mean_episode_reward": 914.8630037304262,
      "runs": 16,
      "mean_fills_per_sec": 933.4325396825396,
      "ci95_fills_per_sec": 176.88149922077633,
      "mean_p99_latency_ms": 163.125,
      "ci95_p99_latency_ms": 13.936898809903873,
      "mean_retail_surplus_per_unit": 0.04327587149697804,
      "ci95_retail_surplus_per_unit": 0.12467716722703984,
      "mean_retail_adverse_selection_rate": 0.505773826066598,
      "ci95_retail_adverse_selection_rate": 0.014609610438510957,
      "mean_surplus_transfer_gap": 2.5657359727297697,
      "ci95_surplus_transfer_gap": 0.5203600391573536
    },
    {
      "episode": 60,
      "mean_episode_reward": 913.0806341773921,
      "runs": 16,
      "mean_fills_per_sec": 933.4325396825396,
      "ci95_fills_per_sec": 176.88149922077633,
      "mean_p99_latency_ms": 163.125,
      "ci95_p99_latency_ms": 13.936898809903873,
      "mean_retail_surplus_per_unit": 0.04327587149697804,
      "ci95_retail_surplus_per_unit": 0.12467716722703984,
      "mean_retail_adverse_selection_rate": 0.505773826066598,
      "ci95_retail_adverse_selection_rate": 0.014609610438510957,
      "mean_surplus_transfer_gap": 2.5657359727297697,
      "ci95_surplus_transfer_gap": 0.5203600391573536
    },
    {
      "episode": 80,
      "mean_episode_reward": 895.6864584618783,
      "runs": 16,
      "mean_fills_per_sec": 1079.3154761904761,
      "ci95_fills_per_sec": 183.7245593885357,
      "mean_p99_latency_ms": 177.5,
      "ci95_p99_latency_ms": 21.879199596877395,
      "mean_retail_surplus_per_unit": -0.09609290734560086,
      "ci95_retail_surplus_per_unit": 0.10648999561890418,
      "mean_retail_adverse_selection_rate": 0.4690268055533483,
      "ci95_retail_adverse_selection_rate": 0.02583773621804877,
      "mean_surplus_transfer_gap": 1.6813091421503836,
      "ci95_surplus_transfer_gap": 0.4220656117300979
    },
    {
      "episode": 100,
      "mean_episode_reward": 935.4351408983679,
      "runs": 16,
      "mean_fills_per_sec": 933.4325396825396,
      "ci95_fills_per_sec": 176.88149922077633,
      "mean_p99_latency_ms": 163.125,
      "ci95_p99_latency_ms": 13.936898809903873,
      "mean_retail_surplus_per_unit": 0.04327587149697804,
      "ci95_retail_surplus_per_unit": 0.12467716722703984,
      "mean_retail_adverse_selection_rate": 0.505773826066598,
      "ci95_retail_adverse_selection_rate": 0.014609610438510957,
      "mean_surplus_transfer_gap": 2.5657359727297697,
      "ci95_surplus_transfer_gap": 0.5203600391573536
    },
    {
      "episode": 120,
      "mean_episode_reward": 927.2573214794904,
      "runs": 16,
      "mean_fills_per_sec": 1086.0119047619048,
      "ci95_fills_per_sec": 184.35973296803803,
      "mean_p99_latency_ms": 186.875,
      "ci95_p99_latency_ms": 27.865384412160903,
      "mean_retail_surplus_per_unit": -0.16275932018690326,
      "ci95_retail_surplus_per_unit": 0.0952907321320029,
      "mean_retail_adverse_selection_rate": 0.4734017342181237,
      "ci95_retail_adverse_selection_rate": 0.019625456375963402,
      "mean_surplus_transfer_gap": 1.7686162664889813,
      "ci95_surplus_transfer_gap": 0.4443617213583334
    },
    {
      "episode": 140,
      "mean_episode_reward": 940.9958294510768,
      "runs": 16,
      "mean_fills_per_sec": 1079.3154761904761,
      "ci95_fills_per_sec": 183.7245593885357,
      "mean_p99_latency_ms": 177.5,
      "ci95_p99_latency_ms": 21.879199596877395,
      "mean_retail_surplus_per_unit": -0.09609290734560086,
      "ci95_retail_surplus_per_unit": 0.10648999561890418,
      "mean_retail_adverse_selection_rate": 0.4690268055533483,
      "ci95_retail_adverse_selection_rate": 0.02583773621804877,
      "mean_surplus_transfer_gap": 1.6813091421503836,
      "ci95_surplus_transfer_gap": 0.4220656117300979
    },
    {
      "episode": 160,
      "mean_episode_reward": 943.6087044328464,
      "runs": 16,
      "mean_fills_per_sec": 937.6984126984127,
      "ci95_fills_per_sec": 179.07969142152785,
      "mean_p99_latency_ms": 162.5,
      "ci95_p99_latency_ms": 15.053052016119521,
      "mean_retail_surplus_per_unit": 0.04498802258039132,
      "ci95_retail_surplus_per_unit": 0.12485861643948826,
      "mean_retail_adverse_selection_rate": 0.5049309089197203,
      "ci95_retail_adverse_selection_rate": 0.015233475857879061,
      "mean_surplus_transfer_gap": 2.572056060891893,
      "ci95_surplus_transfer_gap": 0.518774250317999
    },
    {
      "episode": 180,
      "mean_episode_reward": 919.8737267435514,
      "runs": 16,
      "mean_fills_per_sec": 937.6984126984127,
      "ci95_fills_per_sec": 179.07969142152785,
      "mean_p99_latency_ms": 162.5,
      "ci95_p99_latency_ms": 15.053052016119521,
      "mean_retail_surplus_per_unit": 0.04498802258039132,
      "ci95_retail_surplus_per_unit": 0.12485861643948826,
      "mean_retail_adverse_selection_rate": 0.5049309089197203,
      "ci95_retail_adverse_selection_rate": 0.015233475857879061,
      "mean_surplus_transfer_gap": 2.572056060891893,
      "ci95_surplus_transfer_gap": 0.518774250317999
    },
    {
      "episode": 200,
      "mean_episode_reward": 915.6252822435981,
      "runs": 16,
      "mean_fills_per_sec": 933.6805555555555,
      "ci95_fills_per_sec": 178.95560939671213,
      "mean_p99_latency_ms": 161.875,
      "ci95_p99_latency_ms": 14.823891980094162,
      "mean_retail_surplus_per_unit": 0.0339170785957809,
      "ci95_retail_surplus_per_unit": 0.12411900523986759,
      "mean_retail_adverse_selection_rate": 0.5059819844753801,
      "ci95_retail_adverse_selection_rate": 0.014643980128674298,
      "mean_surplus_transfer_gap": 2.5926459750662056,
      "ci95_surplus_transfer_gap": 0.5294008115811787
    }
  ],
  "training_seeds": [
    401,
    409,
    419,
    421,
    431,
    433
  ]
}
