{
  "results": [
    {
      "name": "Ablation-Control",
      "mode": "batch",
      "batch_window_ms": 250,
      "speed_bump_ms": 0,
      "adaptive_window_min_ms": 0,
      "adaptive_window_max_ms": 0,
      "adaptive_window_mean_ms": 0,
      "runs": 4,
      "mean_orders_per_sec": 1190.4761904761904,
      "std_orders_per_sec": 0,
      "ci95_orders_per_sec": 0,
      "mean_fills_per_sec": 605.3571428571429,
      "std_fills_per_sec": 37.91448105301955,
      "ci95_fills_per_sec": 37.15619143195916,
      "mean_p50_latency_ms": 102.5,
      "std_p50_latency_ms": 10.897247358851684,
      "ci95_p50_latency_ms": 10.67930241167465,
      "mean_p95_latency_ms": 247.5,
      "std_p95_latency_ms": 17.853571071357123,
      "ci95_p95_latency_ms": 17.49649964992998,
      "mean_p99_latency_ms": 320,
      "std_p99_latency_ms": 75.49834435270749,
      "ci95_p99_latency_ms": 73.98837746565334,
      "mean_average_spread": 1,
      "ci95_average_spread": 0,
      "mean_average_price_impact": 6.275179780752612,
      "ci95_average_price_impact": 0.5428790117672494,
      "mean_queue_priority_advantage": -0.050853653122176684,
      "ci95_queue_priority_advantage": 0.019988130433126423,
      "mean_latency_arbitrage_profit": 685.25,
      "ci95_latency_arbitrage_profit": 109.45633775620304,
      "mean_execution_dispersion": 0.17339018777655843,
      "ci95_execution_dispersion": 0.003957872719700057,
      "negative_balance_violations_total": 0,
      "conservation_breaches_total": 0,
      "risk_rejections_total": 2922
    },
    {
      "name": "Ablation-RelaxedRisk",
      "mode": "batch",
      "batch_window_ms": 250,
      "speed_bump_ms": 0,
      "adaptive_window_min_ms": 0,
      "adaptive_window_max_ms": 0,
      "adaptive_window_mean_ms": 0,
      "runs": 4,
      "mean_orders_per_sec": 1770.2380952380952,
      "std_orders_per_sec": 8.703060396611628,
      "ci95_orders_per_sec": 8.528999188679395,
      "mean_fills_per_sec": 925.7936507936508,
      "std_fills_per_sec": 32.53726278265823,
      "ci95_fills_per_sec": 31.886517527005065,
      "mean_p50_latency_ms": 97.5,
      "std_p50_latency_ms": 4.330127018922194,
      "ci95_p50_latency_ms": 4.243524478543749,
      "mean_p95_latency_ms": 237.5,
      "std_p95_latency_ms": 8.2915619758885,
      "ci95_p95_latency_ms": 8.12573073637073,
      "mean_p99_latency_ms": 302.5,
      "std_p99_latency_ms": 85.25696452489967,
      "ci95_p99_latency_ms": 83.55182523440168,
      "mean_average_spread": 1,
      "ci95_average_spread": 0,
      "mean_average_price_impact": 6.0148704703657625,
      "ci95_average_price_impact": 0.34363620893444174,
      "mean_queue_priority_advantage": 0.03715214628646732,
      "ci95_queue_priority_advantage": 0.020884898242026908,
      "mean_latency_arbitrage_profit": 2198.5,
      "ci95_latency_arbitrage_profit": 164.88700221666957,
      "mean_execution_dispersion": 0.06310997026122711,
      "ci95_execution_dispersion": 0.0033471138632074054,
      "negative_balance_violations_total": 0,
      "conservation_breaches_total": 0,
      "risk_rejections_total": 0
    },
    {
      "name": "Ablation-RandomTieBreak",
      "mode": "batch",
      "batch_window_ms": 250,
      "speed_bump_ms": 0,
      "adaptive_window_min_ms": 0,
      "adaptive_window_max_ms": 0,
      "adaptive_window_mean_ms": 0,
      "runs": 4,
      "mean_orders_per_sec": 1190.4761904761904,
      "std_orders_per_sec": 0,
      "ci95_orders_per_sec": 0,
      "mean_fills_per_sec": 595.6349206349206,
      "std_fills_per_sec": 20.971762320196515,
      "ci95_fills_per_sec": 20.552327073792583,
      "mean_p50_latency_ms": 97.5,
      "std_p50_latency_ms": 4.330127018922194,
      "ci95_p50_latency_ms": 4.243524478543749,
      "mean_p95_latency_ms": 242.5,
      "std_p95_latency_ms": 8.2915619758885,
      "ci95_p95_latency_ms": 8.12573073637073,
      "mean_p99_latency_ms": 402.5,
      "std_p99_latency_ms": 91.48087231765993,
      "ci95_p99_latency_ms": 89.65125487130673,
      "mean_average_spread": 1,
      "ci95_average_spread": 0,
      "mean_average_price_impact": 6.261956409906708,
      "ci95_average_price_impact": 0.5439871676935473,
      "mean_queue_priority_advantage": -0.053963463317198666,
      "ci95_queue_priority_advantage": 0.013853506894139413,
      "mean_latency_arbitrage_profit": 738.5,
      "ci95_latency_arbitrage_profit": 102.57398354358672,
      "mean_execution_dispersion": 0.1725508430618508,
      "ci95_execution_dispersion": 0.0023919665634850786,
      "negative_balance_violations_total": 0,
      "conservation_breaches_total": 0,
      "risk_rejections_total": 2908
    },
    {
      "name": "Ablation-NoSettlementChecks",
      "mode": "batch",
      "batch_window_ms": 250,
      "speed_bump_ms": 0,
      "adaptive_window_min_ms": 0,
      "adaptive_window_max_ms": 0,
      "adaptive_window_mean_ms": 0,
      "runs": 4,
      "mean_orders_per_sec": 1190.4761904761904,
      "std_orders_per_sec": 0,
      "ci95_orders_per_sec": 0,
      "mean_fills_per_sec": 605.3571428571429,
      "std_fills_per_sec": 37.91448105301955,
      "ci95_fills_per_sec": 37.15619143195916,
      "mean_p50_latency_ms": 102.5,
      "std_p50_latency_ms": 10.897247358851684,
      "ci95_p50_latency_ms": 10.67930241167465,
      "mean_p95_latency_ms": 247.5,
      "std_p95_latency_ms": 17.853571071357123,
      "ci95_p95_latency_ms": 17.49649964992998,
      "mean_p99_latency_ms": 320,
      "std_p99_latency_ms": 75.49834435270749,
      "ci95_p99_latency_ms": 73.98837746565334,
      "mean_average_spread": 1,
      "ci95_average_spread": 0,
      "mean_average_price_impact": 6.275179780752612,
      "ci95_average_price_impact": 0.5428790117672494,
      "mean_queue_priority_advantage": -0.050853653122176684,
      "ci95_queue_priority_advantage": 0.019988130433126423,
      "mean_latency_arbitrage_profit": 685.25,
      "ci95_latency_arbitrage_profit": 109.45633775620304,
      "mean_execution_dispersion": 0.17339018777655843,
      "ci95_execution_dispersion": 0.003957872719700057,
      "negative_balance_violations_total": 0,
      "conservation_breaches_total": 0,
      "risk_rejections_total": 2922
    }
  ],
  "seeds": [
    13,
    17,
    19,
    23
  ]
}
