episode,mean_episode_reward,runs,mean_fills_per_sec,ci95_fills_per_sec,mean_p99_latency_ms,ci95_p99_latency_ms,mean_retail_surplus_per_unit,ci95_retail_surplus_per_unit,mean_retail_adverse_selection_rate,ci95_retail_adverse_selection_rate,mean_surplus_transfer_gap,ci95_surplus_transfer_gap
0,0.000000,16,1014.484127,187.085442,200.000000,25.461147,-0.122024,0.136040,0.481392,0.021550,1.589825,0.386859
20,935.687426,16,944.246032,176.559490,155.625000,12.844258,0.117718,0.119325,0.496076,0.015382,2.422615,0.540012
40,895.578905,16,944.246032,176.559490,155.625000,12.844258,0.117718,0.119325,0.496076,0.015382,2.422615,0.540012
60,885.825017,16,944.246032,176.559490,155.625000,12.844258,0.117718,0.119325,0.496076,0.015382,2.422615,0.540012
80,899.672306,16,944.246032,176.559490,155.625000,12.844258,0.117718,0.119325,0.496076,0.015382,2.422615,0.540012
100,912.782396,16,944.246032,176.559490,155.625000,12.844258,0.117718,0.119325,0.496076,0.015382,2.422615,0.540012
120,857.840119,16,944.246032,176.559490,155.625000,12.844258,0.117718,0.119325,0.496076,0.015382,2.422615,0.540012
140,893.044842,16,944.246032,176.559490,155.625000,12.844258,0.117718,0.119325,0.496076,0.015382,2.422615,0.540012
160,923.958242,16,944.246032,176.559490,155.625000,12.844258,0.117718,0.119325,0.496076,0.015382,2.422615,0.540012
