{
  "heldout_regimes": [
    "HeldOut-HighArbWideMaker",
    "HeldOut-RetailBurst",
    "HeldOut-InformedWide",
    "HeldOut-CompositeStress"
  ],
  "heldout_seeds": [
    223,
    227,
    229,
    233
  ],
  "results": [
    {
      "iteration": 0,
      "mean_bellman_mse": 0,
      "runs": 16,
      "mean_fills_per_sec": 875.9920634920634,
      "ci95_fills_per_sec": 159.09688151668257,
      "mean_p99_latency_ms": 341.25,
      "ci95_p99_latency_ms": 22.974874183551037,
      "mean_retail_surplus_per_unit": -0.7067014914326497,
      "ci95_retail_surplus_per_unit": 0.19092212083469398,
      "mean_retail_adverse_selection_rate": 0.5293120847322507,
      "ci95_retail_adverse_selection_rate": 0.01211516688621848,
      "mean_surplus_transfer_gap": 3.2116535898979466,
      "ci95_surplus_transfer_gap": 0.5538029762373586
    },
    {
      "iteration": 1,
      "mean_bellman_mse": 45.1571183668768,
      "runs": 16,
      "mean_fills_per_sec": 960.5654761904761,
      "ci95_fills_per_sec": 182.2066211338424,
      "mean_p99_latency_ms": 198.75,
      "ci95_p99_latency_ms": 25.39475524099415,
      "mean_retail_surplus_per_unit": -0.02505544428881691,
      "ci95_retail_surplus_per_unit": 0.1070366722111502,
      "mean_retail_adverse_selection_rate": 0.49987056680614333,
      "ci95_retail_adverse_selection_rate": 0.017867817685448064,
      "mean_surplus_transfer_gap": 2.0789884063717836,
      "ci95_surplus_transfer_gap": 0.4767169756449008
    },
    {
      "iteration": 2,
      "mean_bellman_mse": 39.312685145265974,
      "runs": 16,
      "mean_fills_per_sec": 944.3948412698412,
      "ci95_fills_per_sec": 176.3260813034198,
      "mean_p99_latency_ms": 160,
      "ci95_p99_latency_ms": 16.34353847855476,
      "mean_retail_surplus_per_unit": 0.12289135695792466,
      "ci95_retail_surplus_per_unit": 0.12868799886454582,
      "mean_retail_adverse_selection_rate": 0.49455644539039406,
      "ci95_retail_adverse_selection_rate": 0.016880300001417218,
      "mean_surplus_transfer_gap": 2.3527527812653584,
      "ci95_surplus_transfer_gap": 0.5716070891540818
    },
    {
      "iteration": 3,
      "mean_bellman_mse": 26.767020645059826,
      "runs": 16,
      "mean_fills_per_sec": 944.1468253968254,
      "ci95_fills_per_sec": 177.49182827107634,
      "mean_p99_latency_ms": 158.125,
      "ci95_p99_latency_ms": 17.515251166840283,
      "mean_retail_surplus_per_unit": 0.09688073998071833,
      "ci95_retail_surplus_per_unit": 0.11638232267903656,
      "mean_retail_adverse_selection_rate": 0.4950445938943499,
      "ci95_retail_adverse_selection_rate": 0.01585614844305106,
      "mean_surplus_transfer_gap": 2.338350335416355,
      "ci95_surplus_transfer_gap": 0.5566170823739001
    },
    {
      "iteration": 4,
      "mean_bellman_mse": 18.935127975714774,
      "runs": 16,
      "mean_fills_per_sec": 944.1964285714286,
      "ci95_fills_per_sec": 176.38671282423033,
      "mean_p99_latency_ms": 160,
      "ci95_p99_latency_ms": 16.34353847855476,
      "mean_retail_surplus_per_unit": 0.12363690598365104,
      "ci95_retail_surplus_per_unit": 0.1285998448758349,
      "mean_retail_adverse_selection_rate": 0.49459902652207705,
      "ci95_retail_adverse_selection_rate": 0.01689414467335224,
      "mean_surplus_transfer_gap": 2.352007232239632,
      "ci95_surplus_transfer_gap": 0.5717467132171131
    },
    {
      "iteration": 5,
      "mean_bellman_mse": 13.814708319295338,
      "runs": 16,
      "mean_fills_per_sec": 945.734126984127,
      "ci95_fills_per_sec": 175.75932582755013,
      "mean_p99_latency_ms": 161.25,
      "ci95_p99_latency_ms": 15.385824441673575,
      "mean_retail_surplus_per_unit": 0.11421877460075532,
      "ci95_retail_surplus_per_unit": 0.11858738054239462,
      "mean_retail_adverse_selection_rate": 0.49514398884050503,
      "ci95_retail_adverse_selection_rate": 0.015636423821703476,
      "mean_surplus_transfer_gap": 2.410974628738904,
      "ci95_surplus_transfer_gap": 0.5433105714966706
    },
    {
      "iteration": 6,
      "mean_bellman_mse": 10.415776455444066,
      "runs": 16,
      "mean_fills_per_sec": 944.3452380952381,
      "ci95_fills_per_sec": 176.49150763305724,
      "mean_p99_latency_ms": 155.625,
      "ci95_p99_latency_ms": 12.844257897500345,
      "mean_retail_surplus_per_unit": 0.11873239642088212,
      "ci95_retail_surplus_per_unit": 0.1198152962878627,
      "mean_retail_adverse_selection_rate": 0.49536975492979773,
      "ci95_retail_adverse_selection_rate": 0.015646643043899688,
      "mean_surplus_transfer_gap": 2.421847760027023,
      "ci95_surplus_transfer_gap": 0.5403061588571395
    },
    {
      "iteration": 7,
      "mean_bellman_mse": 8.131161940863207,
      "runs": 16,
      "mean_fills_per_sec": 944.2460317460317,
      "ci95_fills_per_sec": 176.55949044195685,
      "mean_p99_latency_ms": 155.625,
      "ci95_p99_latency_ms": 12.844257897500345,
      "mean_retail_surplus_per_unit": 0.11771820339515636,
      "ci95_retail_surplus_per_unit": 0.11932513592271386,
      "mean_retail_adverse_selection_rate": 0.4960762045943642,
      "ci95_retail_adverse_selection_rate": 0.015382039392462611,
      "mean_surplus_transfer_gap": 2.422614800564917,
      "ci95_surplus_transfer_gap": 0.5400122965479208
    },
    {
      "iteration": 8,
      "mean_bellman_mse": 6.575300739414912,
      "runs": 16,
      "mean_fills_per_sec": 944.2460317460317,
      "ci95_fills_per_sec": 176.55949044195685,
      "mean_p99_latency_ms": 155.625,
      "ci95_p99_latency_ms": 12.844257897500345,
      "mean_retail_surplus_per_unit": 0.11771820339515636,
      "ci95_retail_surplus_per_unit": 0.11932513592271386,
      "mean_retail_adverse_selection_rate": 0.4960762045943642,
      "ci95_retail_adverse_selection_rate": 0.015382039392462611,
      "mean_surplus_transfer_gap": 2.422614800564917,
      "ci95_surplus_transfer_gap": 0.5400122965479208
    }
  ],
  "training_seeds": [
    181,
    191,
    193,
    197,
    199,
    211
  ]
}
