iteration,mean_bellman_mse,runs,mean_fills_per_sec,ci95_fills_per_sec,mean_p99_latency_ms,ci95_p99_latency_ms,mean_retail_surplus_per_unit,ci95_retail_surplus_per_unit,mean_retail_adverse_selection_rate,ci95_retail_adverse_selection_rate,mean_surplus_transfer_gap,ci95_surplus_transfer_gap
0,0.000000,16,875.545635,145.747961,336.250000,37.312261,-0.732995,0.231339,0.532003,0.015230,3.256750,0.638826
1,43.869507,16,934.970238,178.316129,157.500000,12.064851,0.027260,0.127002,0.504663,0.014359,2.595249,0.535773
2,40.526444,16,936.011905,178.027077,155.625000,11.356054,0.025985,0.125169,0.504516,0.014329,2.575534,0.529863
3,27.157392,16,935.763889,177.678683,155.625000,11.356054,0.025490,0.125244,0.504504,0.014329,2.582973,0.534965
4,19.302332,16,935.763889,177.678683,155.625000,11.356054,0.025490,0.125244,0.504504,0.014329,2.582973,0.534965
5,14.391935,16,934.474206,178.479928,157.500000,12.064851,0.024079,0.126921,0.504970,0.014402,2.590344,0.531843
6,11.270552,16,934.920635,178.269133,157.500000,12.064851,0.027333,0.127062,0.504649,0.014365,2.596304,0.535619
7,9.254651,16,934.970238,178.316129,157.500000,12.064851,0.027260,0.127002,0.504663,0.014359,2.595249,0.535773
8,7.945421,16,936.309524,177.600413,155.000000,11.360183,0.035218,0.126137,0.503309,0.014517,2.566145,0.553647
