{
  "heldout_regimes": [
    "HeldOut-HighArbWideMaker",
    "HeldOut-RetailBurst",
    "HeldOut-InformedWide",
    "HeldOut-CompositeStress"
  ],
  "heldout_seeds": [
    223,
    227,
    229,
    233
  ],
  "results": [
    {
      "episode": 0,
      "mean_episode_reward": 0,
      "runs": 16,
      "mean_fills_per_sec": 1014.4841269841269,
      "ci95_fills_per_sec": 187.08544243222593,
      "mean_p99_latency_ms": 200,
      "ci95_p99_latency_ms": 25.461146871262496,
      "mean_retail_surplus_per_unit": -0.1220239266417216,
      "ci95_retail_surplus_per_unit": 0.13603997456041167,
      "mean_retail_adverse_selection_rate": 0.4813917194056643,
      "ci95_retail_adverse_selection_rate": 0.021549785780378614,
      "mean_surplus_transfer_gap": 1.5898252062972613,
      "ci95_surplus_transfer_gap": 0.3868594980978062
    },
    {
      "episode": 20,
      "mean_episode_reward": 935.6874259586291,
      "runs": 16,
      "mean_fills_per_sec": 944.2460317460317,
      "ci95_fills_per_sec": 176.55949044195685,
      "mean_p99_latency_ms": 155.625,
      "ci95_p99_latency_ms": 12.844257897500345,
      "mean_retail_surplus_per_unit": 0.11771820339515636,
      "ci95_retail_surplus_per_unit": 0.11932513592271386,
      "mean_retail_adverse_selection_rate": 0.4960762045943642,
      "ci95_retail_adverse_selection_rate": 0.015382039392462611,
      "mean_surplus_transfer_gap": 2.422614800564917,
      "ci95_surplus_transfer_gap": 0.5400122965479208
    },
    {
      "episode": 40,
      "mean_episode_reward": 895.5789047310038,
      "runs": 16,
      "mean_fills_per_sec": 944.2460317460317,
      "ci95_fills_per_sec": 176.55949044195685,
      "mean_p99_latency_ms": 155.625,
      "ci95_p99_latency_ms": 12.844257897500345,
      "mean_retail_surplus_per_unit": 0.11771820339515636,
      "ci95_retail_surplus_per_unit": 0.11932513592271386,
      "mean_retail_adverse_selection_rate": 0.4960762045943642,
      "ci95_retail_adverse_selection_rate": 0.015382039392462611,
      "mean_surplus_transfer_gap": 2.422614800564917,
      "ci95_surplus_transfer_gap": 0.5400122965479208
    },
    {
      "episode": 60,
      "mean_episode_reward": 885.8250165007015,
      "runs": 16,
      "mean_fills_per_sec": 944.2460317460317,
      "ci95_fills_per_sec": 176.55949044195685,
      "mean_p99_latency_ms": 155.625,
      "ci95_p99_latency_ms": 12.844257897500345,
      "mean_retail_surplus_per_unit": 0.11771820339515636,
      "ci95_retail_surplus_per_unit": 0.11932513592271386,
      "mean_retail_adverse_selection_rate": 0.4960762045943642,
      "ci95_retail_adverse_selection_rate": 0.015382039392462611,
      "mean_surplus_transfer_gap": 2.422614800564917,
      "ci95_surplus_transfer_gap": 0.5400122965479208
    },
    {
      "episode": 80,
      "mean_episode_reward": 899.6723056943553,
      "runs": 16,
      "mean_fills_per_sec": 944.2460317460317,
      "ci95_fills_per_sec": 176.55949044195685,
      "mean_p99_latency_ms": 155.625,
      "ci95_p99_latency_ms": 12.844257897500345,
      "mean_retail_surplus_per_unit": 0.11771820339515636,
      "ci95_retail_surplus_per_unit": 0.11932513592271386,
      "mean_retail_adverse_selection_rate": 0.4960762045943642,
      "ci95_retail_adverse_selection_rate": 0.015382039392462611,
      "mean_surplus_transfer_gap": 2.422614800564917,
      "ci95_surplus_transfer_gap": 0.5400122965479208
    },
    {
      "episode": 100,
      "mean_episode_reward": 912.782396115969,
      "runs": 16,
      "mean_fills_per_sec": 944.2460317460317,
      "ci95_fills_per_sec": 176.55949044195685,
      "mean_p99_latency_ms": 155.625,
      "ci95_p99_latency_ms": 12.844257897500345,
      "mean_retail_surplus_per_unit": 0.11771820339515636,
      "ci95_retail_surplus_per_unit": 0.11932513592271386,
      "mean_retail_adverse_selection_rate": 0.4960762045943642,
      "ci95_retail_adverse_selection_rate": 0.015382039392462611,
      "mean_surplus_transfer_gap": 2.422614800564917,
      "ci95_surplus_transfer_gap": 0.5400122965479208
    },
    {
      "episode": 120,
      "mean_episode_reward": 857.8401188498276,
      "runs": 16,
      "mean_fills_per_sec": 944.2460317460317,
      "ci95_fills_per_sec": 176.55949044195685,
      "mean_p99_latency_ms": 155.625,
      "ci95_p99_latency_ms": 12.844257897500345,
      "mean_retail_surplus_per_unit": 0.11771820339515636,
      "ci95_retail_surplus_per_unit": 0.11932513592271386,
      "mean_retail_adverse_selection_rate": 0.4960762045943642,
      "ci95_retail_adverse_selection_rate": 0.015382039392462611,
      "mean_surplus_transfer_gap": 2.422614800564917,
      "ci95_surplus_transfer_gap": 0.5400122965479208
    },
    {
      "episode": 140,
      "mean_episode_reward": 893.044842215783,
      "runs": 16,
      "mean_fills_per_sec": 944.2460317460317,
      "ci95_fills_per_sec": 176.55949044195685,
      "mean_p99_latency_ms": 155.625,
      "ci95_p99_latency_ms": 12.844257897500345,
      "mean_retail_surplus_per_unit": 0.11771820339515636,
      "ci95_retail_surplus_per_unit": 0.11932513592271386,
      "mean_retail_adverse_selection_rate": 0.4960762045943642,
      "ci95_retail_adverse_selection_rate": 0.015382039392462611,
      "mean_surplus_transfer_gap": 2.422614800564917,
      "ci95_surplus_transfer_gap": 0.5400122965479208
    },
    {
      "episode": 160,
      "mean_episode_reward": 923.9582417415052,
      "runs": 16,
      "mean_fills_per_sec": 944.2460317460317,
      "ci95_fills_per_sec": 176.55949044195685,
      "mean_p99_latency_ms": 155.625,
      "ci95_p99_latency_ms": 12.844257897500345,
      "mean_retail_surplus_per_unit": 0.11771820339515636,
      "ci95_retail_surplus_per_unit": 0.11932513592271386,
      "mean_retail_adverse_selection_rate": 0.4960762045943642,
      "ci95_retail_adverse_selection_rate": 0.015382039392462611,
      "mean_surplus_transfer_gap": 2.422614800564917,
      "ci95_surplus_transfer_gap": 0.5400122965479208
    }
  ],
  "training_seeds": [
    307,
    311,
    313,
    317,
    331,
    337
  ]
}
