{
  "results": [
    {
      "name": "Immediate-Surrogate",
      "mode": "immediate",
      "batch_window_ms": 10,
      "runs": 8,
      "mean_orders_per_sec": 1348.2291666666667,
      "std_orders_per_sec": 5.765039209175717,
      "ci95_orders_per_sec": 3.9949683522421915,
      "mean_fills_per_sec": 813.125,
      "std_fills_per_sec": 26.65608514017017,
      "ci95_fills_per_sec": 18.471724591250283,
      "mean_p50_latency_ms": 10,
      "std_p50_latency_ms": 0,
      "ci95_p50_latency_ms": 0,
      "mean_p95_latency_ms": 10,
      "std_p95_latency_ms": 0,
      "ci95_p95_latency_ms": 0,
      "mean_p99_latency_ms": 10,
      "std_p99_latency_ms": 0,
      "ci95_p99_latency_ms": 0,
      "mean_average_spread": 1.984375,
      "ci95_average_spread": 0.16997258191376208,
      "mean_average_price_impact": 3.3757854731946955,
      "ci95_average_price_impact": 0.22580082426416395,
      "mean_queue_priority_advantage": 0.0742316890279933,
      "ci95_queue_priority_advantage": 0.00779851637535271,
      "mean_latency_arbitrage_profit": 669.625,
      "ci95_latency_arbitrage_profit": 34.29989062482561,
      "mean_execution_dispersion": 0.07229578893882525,
      "ci95_execution_dispersion": 0.00548460857789739,
      "negative_balance_violations_total": 0,
      "conservation_breaches_total": 0,
      "risk_rejections_total": 0
    },
    {
      "name": "FBA-100ms",
      "mode": "batch",
      "batch_window_ms": 100,
      "runs": 8,
      "mean_orders_per_sec": 1348.2291666666667,
      "std_orders_per_sec": 5.765039209175717,
      "ci95_orders_per_sec": 3.9949683522421915,
      "mean_fills_per_sec": 805.3125,
      "std_fills_per_sec": 31.595142636083224,
      "ci95_fills_per_sec": 21.894316818320043,
      "mean_p50_latency_ms": 46.25,
      "std_p50_latency_ms": 4.841229182759271,
      "ci95_p50_latency_ms": 3.3548006647191424,
      "mean_p95_latency_ms": 100,
      "std_p95_latency_ms": 0,
      "ci95_p95_latency_ms": 0,
      "mean_p99_latency_ms": 146.25,
      "std_p99_latency_ms": 51.70529469986609,
      "ci95_p99_latency_ms": 35.82994121541368,
      "mean_average_spread": 1,
      "ci95_average_spread": 0,
      "mean_average_price_impact": 5.964781152258262,
      "ci95_average_price_impact": 0.40510765657809117,
      "mean_queue_priority_advantage": 0.057137209192602734,
      "ci95_queue_priority_advantage": 0.021903958145778012,
      "mean_latency_arbitrage_profit": 1015.75,
      "ci95_latency_arbitrage_profit": 44.06289411171263,
      "mean_execution_dispersion": 0.07207698099806813,
      "ci95_execution_dispersion": 0.006893356436856369,
      "negative_balance_violations_total": 0,
      "conservation_breaches_total": 0,
      "risk_rejections_total": 0
    },
    {
      "name": "FBA-250ms",
      "mode": "batch",
      "batch_window_ms": 250,
      "runs": 8,
      "mean_orders_per_sec": 1348.3,
      "std_orders_per_sec": 5.641808220774586,
      "ci95_orders_per_sec": 3.9095736340424456,
      "mean_fills_per_sec": 691.9,
      "std_fills_per_sec": 25.887255551718884,
      "ci95_fills_per_sec": 17.938952867990928,
      "mean_p50_latency_ms": 97.5,
      "std_p50_latency_ms": 6.614378277661476,
      "ci95_p50_latency_ms": 4.5835302987980775,
      "mean_p95_latency_ms": 300,
      "std_p95_latency_ms": 80.93207028119323,
      "ci95_p95_latency_ms": 56.08306339707203,
      "mean_p99_latency_ms": 452.5,
      "std_p99_latency_ms": 23.318447632722037,
      "ci95_p99_latency_ms": 16.158859798884325,
      "mean_average_spread": 1,
      "ci95_average_spread": 0,
      "mean_average_price_impact": 5.363862968580924,
      "ci95_average_price_impact": 0.6046781084536033,
      "mean_queue_priority_advantage": 0.02729561918969166,
      "ci95_queue_priority_advantage": 0.01821030479869068,
      "mean_latency_arbitrage_profit": 627.25,
      "ci95_latency_arbitrage_profit": 107.66837134228417,
      "mean_execution_dispersion": 0.06364916056397668,
      "ci95_execution_dispersion": 0.0062906007886860725,
      "negative_balance_violations_total": 0,
      "conservation_breaches_total": 0,
      "risk_rejections_total": 0
    },
    {
      "name": "FBA-500ms",
      "mode": "batch",
      "batch_window_ms": 500,
      "runs": 8,
      "mean_orders_per_sec": 1347.75,
      "std_orders_per_sec": 4.701506850645525,
      "ci95_orders_per_sec": 3.25797802836873,
      "mean_fills_per_sec": 631.0833333333334,
      "std_fills_per_sec": 28.645219690397067,
      "ci95_fills_per_sec": 19.850124509825015,
      "mean_p50_latency_ms": 213.75,
      "std_p50_latency_ms": 35.33323506275642,
      "ci95_p50_latency_ms": 24.484682711850684,
      "mean_p95_latency_ms": 505,
      "std_p95_latency_ms": 43.87482193696061,
      "ci95_p95_latency_ms": 30.403700432677592,
      "mean_p99_latency_ms": 835,
      "std_p99_latency_ms": 121.75795661885921,
      "ci95_p99_latency_ms": 84.37395925284056,
      "mean_average_spread": 1,
      "ci95_average_spread": 0,
      "mean_average_price_impact": 5.084381929538261,
      "ci95_average_price_impact": 1.1693577717624821,
      "mean_queue_priority_advantage": 0.034056186859685325,
      "ci95_queue_priority_advantage": 0.019125795837155776,
      "mean_latency_arbitrage_profit": 827.625,
      "ci95_latency_arbitrage_profit": 294.22326080185263,
      "mean_execution_dispersion": 0.0670922316815537,
      "ci95_execution_dispersion": 0.00482260722479959,
      "negative_balance_violations_total": 0,
      "conservation_breaches_total": 0,
      "risk_rejections_total": 0
    },
    {
      "name": "FBA-250ms-Stress",
      "mode": "batch",
      "batch_window_ms": 250,
      "runs": 8,
      "mean_orders_per_sec": 1783.3999999999999,
      "std_orders_per_sec": 8.779521627059186,
      "ci95_orders_per_sec": 6.083898092506152,
      "mean_fills_per_sec": 907.7,
      "std_fills_per_sec": 34.43472084974699,
      "ci95_fills_per_sec": 23.86204412869945,
      "mean_p50_latency_ms": 97.5,
      "std_p50_latency_ms": 8.2915619758885,
      "ci95_p50_latency_ms": 5.745759305783701,
      "mean_p95_latency_ms": 248.75,
      "std_p95_latency_ms": 31.399641717701176,
      "ci95_p95_latency_ms": 21.758841593706222,
      "mean_p99_latency_ms": 373.75,
      "std_p99_latency_ms": 101.35796712641785,
      "ci95_p99_latency_ms": 70.23748776472574,
      "mean_average_spread": 1,
      "ci95_average_spread": 0,
      "mean_average_price_impact": 5.350213098380669,
      "ci95_average_price_impact": 0.5107726618081314,
      "mean_queue_priority_advantage": 0.026931154484528708,
      "ci95_queue_priority_advantage": 0.02724309056709073,
      "mean_latency_arbitrage_profit": 2057,
      "ci95_latency_arbitrage_profit": 235.64287990516496,
      "mean_execution_dispersion": 0.057689296747704455,
      "ci95_execution_dispersion": 0.006582334064178975,
      "negative_balance_violations_total": 0,
      "conservation_breaches_total": 0,
      "risk_rejections_total": 0
    }
  ],
  "seeds": [
    7,
    11,
    19,
    23,
    29,
    31,
    37,
    41
  ]
}
