{
  "results": [
    {
      "name": "AgentAblation-Control",
      "mode": "batch",
      "batch_window_ms": 250,
      "speed_bump_ms": 0,
      "adaptive_window_min_ms": 0,
      "adaptive_window_max_ms": 0,
      "adaptive_window_mean_ms": 0,
      "runs": 4,
      "mean_orders_per_sec": 1343.2539682539682,
      "std_orders_per_sec": 2.5409223164416503,
      "ci95_orders_per_sec": 2.4901038701128173,
      "mean_fills_per_sec": 659.5238095238095,
      "std_fills_per_sec": 12.04938607197536,
      "ci95_fills_per_sec": 11.808398350535851,
      "mean_p50_latency_ms": 95,
      "std_p50_latency_ms": 5,
      "ci95_p50_latency_ms": 4.9,
      "mean_p95_latency_ms": 242.5,
      "std_p95_latency_ms": 16.393596310755,
      "ci95_p95_latency_ms": 16.0657243845399,
      "mean_p99_latency_ms": 367.5,
      "std_p99_latency_ms": 93.10612224768036,
      "ci95_p99_latency_ms": 91.24399980272675,
      "mean_average_spread": 1,
      "ci95_average_spread": 0,
      "mean_average_price_impact": 5.487688868862377,
      "ci95_average_price_impact": 0.307404552509324,
      "mean_queue_priority_advantage": 0.04082209628098102,
      "ci95_queue_priority_advantage": 0.037608460027850565,
      "mean_latency_arbitrage_profit": 754,
      "ci95_latency_arbitrage_profit": 63.33332929824549,
      "mean_execution_dispersion": 0.05602176109391746,
      "ci95_execution_dispersion": 0.011705130946237256,
      "negative_balance_violations_total": 0,
      "conservation_breaches_total": 0,
      "risk_rejections_total": 0
    },
    {
      "name": "AgentAblation-NoArbitrageurs",
      "mode": "batch",
      "batch_window_ms": 250,
      "speed_bump_ms": 0,
      "adaptive_window_min_ms": 0,
      "adaptive_window_max_ms": 0,
      "adaptive_window_mean_ms": 0,
      "runs": 4,
      "mean_orders_per_sec": 1276.5873015873017,
      "std_orders_per_sec": 1.1904761904762609,
      "ci95_orders_per_sec": 1.1666666666667356,
      "mean_fills_per_sec": 622.6190476190476,
      "std_fills_per_sec": 32.89823747136921,
      "ci95_fills_per_sec": 32.24027272194182,
      "mean_p50_latency_ms": 92.5,
      "std_p50_latency_ms": 4.330127018922194,
      "ci95_p50_latency_ms": 4.243524478543749,
      "mean_p95_latency_ms": 245,
      "std_p95_latency_ms": 5,
      "ci95_p95_latency_ms": 4.9,
      "mean_p99_latency_ms": 367.5,
      "std_p99_latency_ms": 69.4172168845741,
      "ci95_p99_latency_ms": 68.02887254688262,
      "mean_average_spread": 1,
      "ci95_average_spread": 0,
      "mean_average_price_impact": 5.375015942705674,
      "ci95_average_price_impact": 0.2036721439273478,
      "mean_queue_priority_advantage": -0.5958225884400534,
      "ci95_queue_priority_advantage": 0.03178846133168311,
      "mean_latency_arbitrage_profit": 0,
      "ci95_latency_arbitrage_profit": 0,
      "mean_execution_dispersion": 0.25169341312575916,
      "ci95_execution_dispersion": 0.012319560317776876,
      "negative_balance_violations_total": 0,
      "conservation_breaches_total": 0,
      "risk_rejections_total": 0
    },
    {
      "name": "AgentAblation-NoInformed",
      "mode": "batch",
      "batch_window_ms": 250,
      "speed_bump_ms": 0,
      "adaptive_window_min_ms": 0,
      "adaptive_window_max_ms": 0,
      "adaptive_window_mean_ms": 0,
      "runs": 4,
      "mean_orders_per_sec": 1257.142857142857,
      "std_orders_per_sec": 2.4461960329241204,
      "ci95_orders_per_sec": 2.3972721122656377,
      "mean_fills_per_sec": 622.6190476190476,
      "std_fills_per_sec": 15.516837139696149,
      "ci95_fills_per_sec": 15.206500396902225,
      "mean_p50_latency_ms": 97.5,
      "std_p50_latency_ms": 4.330127018922194,
      "ci95_p50_latency_ms": 4.243524478543749,
      "mean_p95_latency_ms": 240,
      "std_p95_latency_ms": 12.24744871391589,
      "ci95_p95_latency_ms": 12.002499739637573,
      "mean_p99_latency_ms": 335,
      "std_p99_latency_ms": 80.15609770940699,
      "ci95_p99_latency_ms": 78.55297575521885,
      "mean_average_spread": 1,
      "ci95_average_spread": 0,
      "mean_average_price_impact": 5.541448906329052,
      "ci95_average_price_impact": 0.17215724893293038,
      "mean_queue_priority_advantage": 0.025982548185690124,
      "ci95_queue_priority_advantage": 0.03838742579301738,
      "mean_latency_arbitrage_profit": 750.25,
      "ci95_latency_arbitrage_profit": 92.90993098156946,
      "mean_execution_dispersion": 0.26230868956196546,
      "ci95_execution_dispersion": 0.009339063478366489,
      "negative_balance_violations_total": 0,
      "conservation_breaches_total": 0,
      "risk_rejections_total": 0
    },
    {
      "name": "AgentSweep-RetailBurst",
      "mode": "batch",
      "batch_window_ms": 250,
      "speed_bump_ms": 0,
      "adaptive_window_min_ms": 0,
      "adaptive_window_max_ms": 0,
      "adaptive_window_mean_ms": 0,
      "runs": 4,
      "mean_orders_per_sec": 2532.936507936508,
      "std_orders_per_sec": 3.743643306371564,
      "ci95_orders_per_sec": 3.668770440244133,
      "mean_fills_per_sec": 1427.1825396825398,
      "std_fills_per_sec": 111.44843212639462,
      "ci95_fills_per_sec": 109.21946348386673,
      "mean_p50_latency_ms": 100,
      "std_p50_latency_ms": 7.0710678118654755,
      "ci95_p50_latency_ms": 6.929646455628166,
      "mean_p95_latency_ms": 275,
      "std_p95_latency_ms": 30.4138126514911,
      "ci95_p95_latency_ms": 29.80553639846128,
      "mean_p99_latency_ms": 467.5,
      "std_p99_latency_ms": 136.6336342193971,
      "ci95_p99_latency_ms": 133.90096153500915,
      "mean_average_spread": 1,
      "ci95_average_spread": 0,
      "mean_average_price_impact": 5.701786518785843,
      "ci95_average_price_impact": 0.31837449419477387,
      "mean_queue_priority_advantage": 0.040441303840456744,
      "ci95_queue_priority_advantage": 0.026767730732929297,
      "mean_latency_arbitrage_profit": 821.75,
      "ci95_latency_arbitrage_profit": 62.706121511380374,
      "mean_execution_dispersion": 0.055861254798417644,
      "ci95_execution_dispersion": 0.00973306829429281,
      "negative_balance_violations_total": 0,
      "conservation_breaches_total": 0,
      "risk_rejections_total": 0
    },
    {
      "name": "AgentSweep-ArbIntensityHigh",
      "mode": "batch",
      "batch_window_ms": 250,
      "speed_bump_ms": 0,
      "adaptive_window_min_ms": 0,
      "adaptive_window_max_ms": 0,
      "adaptive_window_mean_ms": 0,
      "runs": 4,
      "mean_orders_per_sec": 1409.920634920635,
      "std_orders_per_sec": 4.843871276084753,
      "ci95_orders_per_sec": 4.746993850563058,
      "mean_fills_per_sec": 718.452380952381,
      "std_fills_per_sec": 29.55949690699774,
      "ci95_fills_per_sec": 28.968306968857785,
      "mean_p50_latency_ms": 95,
      "std_p50_latency_ms": 5,
      "ci95_p50_latency_ms": 4.9,
      "mean_p95_latency_ms": 232.5,
      "std_p95_latency_ms": 4.330127018922194,
      "ci95_p95_latency_ms": 4.243524478543749,
      "mean_p99_latency_ms": 302.5,
      "std_p99_latency_ms": 62.998015841770766,
      "ci95_p99_latency_ms": 61.73805552493535,
      "mean_average_spread": 1,
      "ci95_average_spread": 0,
      "mean_average_price_impact": 5.799285311967578,
      "ci95_average_price_impact": 0.43056499978706725,
      "mean_queue_priority_advantage": 0.03136212816655104,
      "ci95_queue_priority_advantage": 0.04565891379804437,
      "mean_latency_arbitrage_profit": 1730.75,
      "ci95_latency_arbitrage_profit": 218.4470065599435,
      "mean_execution_dispersion": 0.05507603251774831,
      "ci95_execution_dispersion": 0.011171137427284055,
      "negative_balance_violations_total": 0,
      "conservation_breaches_total": 0,
      "risk_rejections_total": 0
    },
    {
      "name": "AgentSweep-InformedIntensityHigh",
      "mode": "batch",
      "batch_window_ms": 250,
      "speed_bump_ms": 0,
      "adaptive_window_min_ms": 0,
      "adaptive_window_max_ms": 0,
      "adaptive_window_mean_ms": 0,
      "runs": 4,