{
  "results": [
    {
      "name": "Immediate-Surrogate",
      "mode": "immediate",
      "batch_window_ms": 10,
      "speed_bump_ms": 0,
      "adaptive_window_min_ms": 0,
      "adaptive_window_max_ms": 0,
      "adaptive_window_mean_ms": 0,
      "runs": 8,
      "mean_orders_per_sec": 1348.2291666666667,
      "std_orders_per_sec": 5.765039209175717,
      "ci95_orders_per_sec": 3.9949683522421915,
      "mean_fills_per_sec": 813.125,
      "std_fills_per_sec": 26.65608514017017,
      "ci95_fills_per_sec": 18.471724591250283,
      "mean_p50_latency_ms": 10,
      "std_p50_latency_ms": 0,
      "ci95_p50_latency_ms": 0,
      "mean_p95_latency_ms": 10,
      "std_p95_latency_ms": 0,
      "ci95_p95_latency_ms": 0,
      "mean_p99_latency_ms": 10,
      "std_p99_latency_ms": 0,
      "ci95_p99_latency_ms": 0,
      "mean_average_spread": 1.984375,
      "ci95_average_spread": 0.16997258191376208,
      "mean_average_price_impact": 3.3757854731946955,
      "ci95_average_price_impact": 0.22580082426416395,
      "mean_queue_priority_advantage": 0.0742316890279933,
      "ci95_queue_priority_advantage": 0.00779851637535271,
      "mean_latency_arbitrage_profit": 669.625,
      "ci95_latency_arbitrage_profit": 34.29989062482561,
      "mean_execution_dispersion": 0.07229578893882525,
      "ci95_execution_dispersion": 0.00548460857789739,
      "negative_balance_violations_total": 0,
      "conservation_breaches_total": 0,
      "risk_rejections_total": 0
    },
    {
      "name": "SpeedBump-50ms",
      "mode": "speed_bump",
      "batch_window_ms": 0,
      "speed_bump_ms": 50,
      "adaptive_window_min_ms": 0,
      "adaptive_window_max_ms": 0,
      "adaptive_window_mean_ms": 0,
      "runs": 8,
      "mean_orders_per_sec": 1294.3,
      "std_orders_per_sec": 5.534437640808705,
      "ci95_orders_per_sec": 3.8351696181525146,
      "mean_fills_per_sec": 780.6,
      "std_fills_per_sec": 25.589841734563336,
      "ci95_fills_per_sec": 17.732855607600253,
      "mean_p50_latency_ms": 60,
      "std_p50_latency_ms": 0,
      "ci95_p50_latency_ms": 0,
      "mean_p95_latency_ms": 60,
      "std_p95_latency_ms": 0,
      "ci95_p95_latency_ms": 0,
      "mean_p99_latency_ms": 60,
      "std_p99_latency_ms": 0,
      "ci95_p99_latency_ms": 0,
      "mean_average_spread": 1.9558510638297875,
      "ci95_average_spread": 0.17068565145861686,
      "mean_average_price_impact": 5.96288609196773,
      "ci95_average_price_impact": 0.21776179926181394,
      "mean_queue_priority_advantage": 0.0742316890279933,
      "ci95_queue_priority_advantage": 0.00779851637535271,
      "mean_latency_arbitrage_profit": 1346.25,
      "ci95_latency_arbitrage_profit": 59.171177421950965,
      "mean_execution_dispersion": 0.07229578893882525,
      "ci95_execution_dispersion": 0.00548460857789739,
      "negative_balance_violations_total": 0,
      "conservation_breaches_total": 0,
      "risk_rejections_total": 0
    },
    {
      "name": "FBA-100ms",
      "mode": "batch",
      "batch_window_ms": 100,
      "speed_bump_ms": 0,
      "adaptive_window_min_ms": 0,
      "adaptive_window_max_ms": 0,
      "adaptive_window_mean_ms": 0,
      "runs": 8,
      "mean_orders_per_sec": 1337.0867768595042,
      "std_orders_per_sec": 5.717394257033751,
      "ci95_orders_per_sec": 3.961952084868276,
      "mean_fills_per_sec": 798.6570247933885,
      "std_fills_per_sec": 31.334025754793302,
      "ci95_fills_per_sec": 21.713372051226504,
      "mean_p50_latency_ms": 46.25,
      "std_p50_latency_ms": 4.841229182759271,
      "ci95_p50_latency_ms": 3.3548006647191424,
      "mean_p95_latency_ms": 100,
      "std_p95_latency_ms": 0,
      "ci95_p95_latency_ms": 0,
      "mean_p99_latency_ms": 146.25,
      "std_p99_latency_ms": 51.70529469986609,
      "ci95_p99_latency_ms": 35.82994121541368,
      "mean_average_spread": 1,
      "ci95_average_spread": 0,
      "mean_average_price_impact": 5.964781152258262,
      "ci95_average_price_impact": 0.40510765657809117,
      "mean_queue_priority_advantage": 0.057137209192602734,
      "ci95_queue_priority_advantage": 0.021903958145778012,
      "mean_latency_arbitrage_profit": 1015.75,
      "ci95_latency_arbitrage_profit": 44.06289411171263,
      "mean_execution_dispersion": 0.07207698099806813,
      "ci95_execution_dispersion": 0.006893356436856369,
      "negative_balance_violations_total": 0,
      "conservation_breaches_total": 0,
      "risk_rejections_total": 0
    },
    {
      "name": "FBA-250ms",
      "mode": "batch",
      "batch_window_ms": 250,
      "speed_bump_ms": 0,
      "adaptive_window_min_ms": 0,
      "adaptive_window_max_ms": 0,
      "adaptive_window_mean_ms": 0,
      "runs": 8,
      "mean_orders_per_sec": 1337.5992063492063,
      "std_orders_per_sec": 5.597031965054176,
      "ci95_orders_per_sec": 3.8785452718675217,
      "mean_fills_per_sec": 686.4087301587301,
      "std_fills_per_sec": 25.68180114257827,
      "ci95_fills_per_sec": 17.796580226181486,
      "mean_p50_latency_ms": 97.5,
      "std_p50_latency_ms": 6.614378277661476,
      "ci95_p50_latency_ms": 4.5835302987980775,
      "mean_p95_latency_ms": 300,
      "std_p95_latency_ms": 80.93207028119323,
      "ci95_p95_latency_ms": 56.08306339707203,
      "mean_p99_latency_ms": 452.5,
      "std_p99_latency_ms": 23.318447632722037,
      "ci95_p99_latency_ms": 16.158859798884325,
      "mean_average_spread": 1,
      "ci95_average_spread": 0,
      "mean_average_price_impact": 5.363862968580924,
      "ci95_average_price_impact": 0.6046781084536033,
      "mean_queue_priority_advantage": 0.02729561918969166,
      "ci95_queue_priority_advantage": 0.01821030479869068,
      "mean_latency_arbitrage_profit": 627.25,
      "ci95_latency_arbitrage_profit": 107.66837134228417,
      "mean_execution_dispersion": 0.06364916056397668,
      "ci95_execution_dispersion": 0.0062906007886860725,
      "negative_balance_violations_total": 0,
      "conservation_breaches_total": 0,
      "risk_rejections_total": 0
    },
    {
      "name": "FBA-500ms",
      "mode": "batch",
      "batch_window_ms": 500,
      "speed_bump_ms": 0,
      "adaptive_window_min_ms": 0,
      "adaptive_window_max_ms": 0,
      "adaptive_window_mean_ms": 0,
      "runs": 8,
      "mean_orders_per_sec": 1338.8245033112582,
      "std_orders_per_sec": 4.670371043687565,
      "ci95_orders_per_sec": 3.2364020149357953,
      "mean_fills_per_sec": 626.9039735099336,
      "std_fills_per_sec": 28.4555162487388,
      "ci95_fills_per_sec": 19.71866673161425,
      "mean_p50_latency_ms": 213.75,
      "std_p50_latency_ms": 35.33323506275642,
      "ci95_p50_latency_ms": 24.484682711850684,
      "mean_p95_latency_ms": 505,
      "std_p95_latency_ms": 43.87482193696061,
      "ci95_p95_latency_ms": 30.403700432677592,
      "mean_p99_latency_ms": 835,
      "std_p99_latency_ms": 121.75795661885921,
      "ci95_p99_latency_ms": 84.37395925284056,
      "mean_average_spread": 1,
      "ci95_average_spread": 0,
      "mean_average_price_impact": 5.084381929538261,
      "ci95_average_price_impact": 1.1693577717624821,
      "mean_queue_priority_advantage": 0.034056186859685325,
      "ci95_queue_priority_advantage": 0.019125795837155776,
      "mean_latency_arbitrage_profit": 827.625,
      "ci95_latency_arbitrage_profit": 294.22326080185263,
      "mean_execution_dispersion": 0.0670922316815537,
      "ci95_execution_dispersion": 0.00482260722479959,
      "negative_balance_violations_total": 0,
      "conservation_breaches_total": 0,
      "risk_rejections_total": 0
    },
    {
      "name": "Adaptive-100-250ms",
      "mode": "adaptive_batch",
      "batch_window_ms": 0,
      "speed_bump_ms": 0,
      "adaptive_window_min_ms": 100,
      "adaptive_window_max_ms": 250,
      "adaptive_window_mean_ms": 207.14285714285714,
      "runs": 8,
      "mean_orders_per_sec": 1337.5992063492063,
      "std_orders_per_sec": 5.597031965054176,