{
  "results": [
    {
      "arbitrageur_intensity_multiplier": 0,
      "maker_quote_width_multiplier": 1,
      "runs": 4,
      "mean_orders_per_sec": 1272.4206349206352,
      "ci95_orders_per_sec": 1.3886110833277883,
      "mean_fills_per_sec": 612.5,
      "ci95_fills_per_sec": 20.418518434541948,
      "mean_p99_latency_ms": 390,
      "ci95_p99_latency_ms": 88.74277435374668,
      "mean_average_price_impact": 4.843096258937335,
      "ci95_average_price_impact": 0.702377383495093,
      "mean_queue_priority_advantage": -0.6093187225797562,
      "ci95_queue_priority_advantage": 0.02190287427861213,
      "mean_latency_arbitrage_profit": 0,
      "ci95_latency_arbitrage_profit": 0,
      "mean_retail_surplus_per_unit": -0.04152780014448676,
      "ci95_retail_surplus_per_unit": 0.15333020112730833,
      "mean_retail_adverse_selection_rate": 0.5044901872760635,
      "ci95_retail_adverse_selection_rate": 0.023843627799229185
    },
    {
      "arbitrageur_intensity_multiplier": 0,
      "maker_quote_width_multiplier": 2,
      "runs": 4,
      "mean_orders_per_sec": 1272.4206349206352,
      "ci95_orders_per_sec": 1.3886110833277883,
      "mean_fills_per_sec": 547.8174603174604,
      "ci95_fills_per_sec": 7.072540797572922,
      "mean_p99_latency_ms": 450,
      "ci95_p99_latency_ms": 21.913466179497938,
      "mean_average_price_impact": 4.951379055293252,
      "ci95_average_price_impact": 0.6807915652188824,
      "mean_queue_priority_advantage": -0.6038709448870528,
      "ci95_queue_priority_advantage": 0.035849181343295136,
      "mean_latency_arbitrage_profit": 0,
      "ci95_latency_arbitrage_profit": 0,
      "mean_retail_surplus_per_unit": -0.10306277960732077,
      "ci95_retail_surplus_per_unit": 0.1771884466613619,
      "mean_retail_adverse_selection_rate": 0.507290120241368,
      "ci95_retail_adverse_selection_rate": 0.016955306546176493
    },
    {
      "arbitrageur_intensity_multiplier": 0,
      "maker_quote_width_multiplier": 3,
      "runs": 4,
      "mean_orders_per_sec": 1272.4206349206352,
      "ci95_orders_per_sec": 1.3886110833277883,
      "mean_fills_per_sec": 516.468253968254,
      "ci95_fills_per_sec": 28.884655138483723,
      "mean_p99_latency_ms": 390,
      "ci95_p99_latency_ms": 101.13486045869644,
      "mean_average_price_impact": 4.900125117487881,
      "ci95_average_price_impact": 0.7371311314642581,
      "mean_queue_priority_advantage": -0.5941549420880823,
      "ci95_queue_priority_advantage": 0.03318981838070546,
      "mean_latency_arbitrage_profit": 0,
      "ci95_latency_arbitrage_profit": 0,
      "mean_retail_surplus_per_unit": -0.1481506653819735,
      "ci95_retail_surplus_per_unit": 0.1428830104462323,
      "mean_retail_adverse_selection_rate": 0.5061205498385285,
      "ci95_retail_adverse_selection_rate": 0.00983860034194429
    },
    {
      "arbitrageur_intensity_multiplier": 1,
      "maker_quote_width_multiplier": 1,
      "runs": 4,
      "mean_orders_per_sec": 1338.2936507936508,
      "ci95_orders_per_sec": 4.165833249983287,
      "mean_fills_per_sec": 670.8333333333333,
      "ci95_fills_per_sec": 21.842784920573205,
      "mean_p99_latency_ms": 345,
      "ci95_p99_latency_ms": 103.13306938126102,
      "mean_average_price_impact": 4.993885110453418,
      "ci95_average_price_impact": 0.8531380407126868,
      "mean_queue_priority_advantage": 0.007486942267561886,
      "ci95_queue_priority_advantage": 0.039034645443479794,
      "mean_latency_arbitrage_profit": 676,
      "ci95_latency_arbitrage_profit": 141.20674417321572,
      "mean_retail_surplus_per_unit": -0.11601326034338894,
      "ci95_retail_surplus_per_unit": 0.13449415270360937,
      "mean_retail_adverse_selection_rate": 0.5056610474204689,
      "ci95_retail_adverse_selection_rate": 0.020205324571038335
    },
    {
      "arbitrageur_intensity_multiplier": 1,
      "maker_quote_width_multiplier": 2,
      "runs": 4,
      "mean_orders_per_sec": 1338.2936507936508,
      "ci95_orders_per_sec": 4.165833249983287,
      "mean_fills_per_sec": 572.4206349206349,
      "ci95_fills_per_sec": 14.492308517722078,
      "mean_p99_latency_ms": 355,
      "ci95_p99_latency_ms": 85.57482106320761,
      "mean_average_price_impact": 4.887829266010598,
      "ci95_average_price_impact": 0.8838320274874946,
      "mean_queue_priority_advantage": 0.01095365879314425,
      "ci95_queue_priority_advantage": 0.04421702133254731,
      "mean_latency_arbitrage_profit": 626.25,
      "ci95_latency_arbitrage_profit": 104.97299402703536,
      "mean_retail_surplus_per_unit": -0.17088927527522124,
      "ci95_retail_surplus_per_unit": 0.18403191899909752,
      "mean_retail_adverse_selection_rate": 0.5094004675329824,
      "ci95_retail_adverse_selection_rate": 0.017323255944539245
    },
    {
      "arbitrageur_intensity_multiplier": 1,
      "maker_quote_width_multiplier": 3,
      "runs": 4,
      "mean_orders_per_sec": 1338.2936507936508,
      "ci95_orders_per_sec": 4.165833249983287,
      "mean_fills_per_sec": 537.1031746031746,
      "ci95_fills_per_sec": 22.022067355661335,
      "mean_p99_latency_ms": 345,
      "ci95_p99_latency_ms": 161.2539301846625,
      "mean_average_price_impact": 4.8454072738173295,
      "ci95_average_price_impact": 0.7378822989722909,
      "mean_queue_priority_advantage": 0.014330858825108622,
      "ci95_queue_priority_advantage": 0.04920038332159738,
      "mean_latency_arbitrage_profit": 655,
      "ci95_latency_arbitrage_profit": 118.80251849182322,
      "mean_retail_surplus_per_unit": -0.2156751748520033,
      "ci95_retail_surplus_per_unit": 0.08585615370328724,
      "mean_retail_adverse_selection_rate": 0.5050208786882133,
      "ci95_retail_adverse_selection_rate": 0.013357059640032863
    },
    {
      "arbitrageur_intensity_multiplier": 2,
      "maker_quote_width_multiplier": 1,
      "runs": 4,
      "mean_orders_per_sec": 1404.1666666666667,
      "ci95_orders_per_sec": 8.347534196425482,
      "mean_fills_per_sec": 701.984126984127,
      "ci95_fills_per_sec": 23.128265535198846,
      "mean_p99_latency_ms": 390,
      "ci95_p99_latency_ms": 63.13208376095311,
      "mean_average_price_impact": 4.7117273243085425,
      "ci95_average_price_impact": 0.5799997460596863,
      "mean_queue_priority_advantage": -0.012600805208254712,
      "ci95_queue_priority_advantage": 0.05227024430975841,
      "mean_latency_arbitrage_profit": 1530.25,
      "ci95_latency_arbitrage_profit": 246.83783436701918,
      "mean_retail_surplus_per_unit": -0.13230590406089893,
      "ci95_retail_surplus_per_unit": 0.23952687604846365,
      "mean_retail_adverse_selection_rate": 0.4870637602251685,
      "ci95_retail_adverse_selection_rate": 0.05032534742611483
    },
    {
      "arbitrageur_intensity_multiplier": 2,
      "maker_quote_width_multiplier": 2,
      "runs": 4,
      "mean_orders_per_sec": 1404.1666666666667,
      "ci95_orders_per_sec": 8.347534196425482,
      "mean_fills_per_sec": 646.8253968253968,
      "ci95_fills_per_sec": 23.22288675285228,
      "mean_p99_latency_ms": 402.5,
      "ci95_p99_latency_ms": 97.10781379477143,
      "mean_average_price_impact": 4.966232576915354,
      "ci95_average_price_impact": 0.7046661183673322,
      "mean_queue_priority_advantage": 0.00346489297294833,
      "ci95_queue_priority_advantage": 0.056244534435358914,
      "mean_latency_arbitrage_profit": 1499.5,
      "ci95_latency_arbitrage_profit": 276.99739439207724,
      "mean_retail_surplus_per_unit": -0.18925206000243122,
      "ci95_retail_surplus_per_unit": 0.15715320861205684,
      "mean_retail_adverse_selection_rate": 0.48154925724303144,
      "ci95_retail_adverse_selection_rate": 0.05082871127837219
    },
    {
      "arbitrageur_intensity_multiplier": 2,
      "maker_quote_width_multiplier": 3,
      "runs": 4,
      "mean_orders_per_sec": 1404.1666666666667,
      "ci95_orders_per_sec": 8.347534196425482,
      "mean_fills_per_sec": 580.7539682539682,