{
  "results": [
    {
      "name": "AgentAblation-Control",
      "mode": "batch",
      "batch_window_ms": 250,
      "speed_bump_ms": 0,
      "adaptive_window_min_ms": 0,
      "adaptive_window_max_ms": 0,
      "adaptive_window_mean_ms": 0,
      "runs": 4,
      "mean_orders_per_sec": 1343.2539682539682,
      "std_orders_per_sec": 2.5409223164416503,
      "ci95_orders_per_sec": 2.4901038701128173,
      "mean_fills_per_sec": 661.3095238095239,
      "std_fills_per_sec": 13.762177090364967,
      "ci95_fills_per_sec": 13.486933548557667,
      "mean_p50_latency_ms": 92.5,
      "std_p50_latency_ms": 4.330127018922194,
      "ci95_p50_latency_ms": 4.243524478543749,
      "mean_p95_latency_ms": 280,
      "std_p95_latency_ms": 86.89073598491383,
      "ci95_p95_latency_ms": 85.15292126521555,
      "mean_p99_latency_ms": 377.5,
      "std_p99_latency_ms": 89.54747344286157,
      "ci95_p99_latency_ms": 87.75652397400434,
      "mean_average_spread": 1,
      "ci95_average_spread": 0,
      "mean_average_price_impact": 5.400949778734947,
      "ci95_average_price_impact": 0.34770717685805363,
      "mean_queue_priority_advantage": 0.03996516784012416,
      "ci95_queue_priority_advantage": 0.013131920779478043,
      "mean_latency_arbitrage_profit": 718.25,
      "ci95_latency_arbitrage_profit": 89.78205430374157,
      "mean_execution_dispersion": 0.0563953482752666,
      "ci95_execution_dispersion": 0.01088311301574249,
      "mean_retail_surplus_per_unit": -0.2120406928083851,
      "ci95_retail_surplus_per_unit": 0.27544247134067057,
      "mean_arbitrageur_surplus_per_unit": 1.1481192164509575,
      "ci95_arbitrageur_surplus_per_unit": 1.0164102594073894,
      "mean_retail_adverse_selection_rate": 0.4848933987166277,
      "ci95_retail_adverse_selection_rate": 0.05020269665335955,
      "mean_welfare_dispersion": 0.7477790734346323,
      "ci95_welfare_dispersion": 0.34510842091198646,
      "mean_surplus_transfer_gap": 1.3601599092593426,
      "ci95_surplus_transfer_gap": 1.1921531798749208,
      "negative_balance_violations_total": 0,
      "conservation_breaches_total": 0,
      "risk_rejections_total": 0
    },
    {
      "name": "AgentAblation-NoArbitrageurs",
      "mode": "batch",
      "batch_window_ms": 250,
      "speed_bump_ms": 0,
      "adaptive_window_min_ms": 0,
      "adaptive_window_max_ms": 0,
      "adaptive_window_mean_ms": 0,
      "runs": 4,
      "mean_orders_per_sec": 1276.5873015873017,
      "std_orders_per_sec": 1.1904761904762609,
      "ci95_orders_per_sec": 1.1666666666667356,
      "mean_fills_per_sec": 649.0079365079364,
      "std_fills_per_sec": 30.58581783206949,
      "ci95_fills_per_sec": 29.9741014754281,
      "mean_p50_latency_ms": 97.5,
      "std_p50_latency_ms": 4.330127018922194,
      "ci95_p50_latency_ms": 4.243524478543749,
      "mean_p95_latency_ms": 242.5,
      "std_p95_latency_ms": 8.2915619758885,
      "ci95_p95_latency_ms": 8.12573073637073,
      "mean_p99_latency_ms": 392.5,
      "std_p99_latency_ms": 87.85641695402789,
      "ci95_p99_latency_ms": 86.09928861494733,
      "mean_average_spread": 1,
      "ci95_average_spread": 0,
      "mean_average_price_impact": 5.378027460671064,
      "ci95_average_price_impact": 0.27954613122303135,
      "mean_queue_priority_advantage": -0.601564675950814,
      "ci95_queue_priority_advantage": 0.029034522497501897,
      "mean_latency_arbitrage_profit": 0,
      "ci95_latency_arbitrage_profit": 0,
      "mean_execution_dispersion": 0.2560274885763866,
      "ci95_execution_dispersion": 0.01180064726068142,
      "mean_retail_surplus_per_unit": -0.2411202372342209,
      "ci95_retail_surplus_per_unit": 0.14893698531817992,
      "mean_arbitrageur_surplus_per_unit": 0,
      "ci95_arbitrageur_surplus_per_unit": 0,
      "mean_retail_adverse_selection_rate": 0.46505065196114115,
      "ci95_retail_adverse_selection_rate": 0.052527161901542704,
      "mean_welfare_dispersion": 0.5705719119472303,
      "ci95_welfare_dispersion": 0.1888204992234747,
      "mean_surplus_transfer_gap": 0.2411202372342209,
      "ci95_surplus_transfer_gap": 0.14893698531817992,
      "negative_balance_violations_total": 0,
      "conservation_breaches_total": 0,
      "risk_rejections_total": 0
    },
    {
      "name": "AgentAblation-NoInformed",
      "mode": "batch",
      "batch_window_ms": 250,
      "speed_bump_ms": 0,
      "adaptive_window_min_ms": 0,
      "adaptive_window_max_ms": 0,
      "adaptive_window_mean_ms": 0,
      "runs": 4,
      "mean_orders_per_sec": 1257.142857142857,
      "std_orders_per_sec": 2.4461960329241204,
      "ci95_orders_per_sec": 2.3972721122656377,
      "mean_fills_per_sec": 608.3333333333333,
      "std_fills_per_sec": 24.529459461151724,
      "ci95_fills_per_sec": 24.03887027192869,
      "mean_p50_latency_ms": 90,
      "std_p50_latency_ms": 0,
      "ci95_p50_latency_ms": 0,
      "mean_p95_latency_ms": 235,
      "std_p95_latency_ms": 11.180339887498949,
      "ci95_p95_latency_ms": 10.956733089748969,
      "mean_p99_latency_ms": 352.5,
      "std_p99_latency_ms": 65.71719714047458,
      "ci95_p99_latency_ms": 64.4028531976651,
      "mean_average_spread": 1,
      "ci95_average_spread": 0,
      "mean_average_price_impact": 5.42835991665547,
      "ci95_average_price_impact": 0.2722544058765272,
      "mean_queue_priority_advantage": 0.03269080049884224,
      "ci95_queue_priority_advantage": 0.0368537781385048,
      "mean_latency_arbitrage_profit": 748,
      "ci95_latency_arbitrage_profit": 89.61509247888995,
      "mean_execution_dispersion": 0.25877576503026095,
      "ci95_execution_dispersion": 0.01133716386679544,
      "mean_retail_surplus_per_unit": -0.0950565928917085,
      "ci95_retail_surplus_per_unit": 0.19571576679256633,
      "mean_arbitrageur_surplus_per_unit": 1.3108682301645875,
      "ci95_arbitrageur_surplus_per_unit": 0.9692653167321441,
      "mean_retail_adverse_selection_rate": 0.4580538569777881,
      "ci95_retail_adverse_selection_rate": 0.049712776910289413,
      "mean_welfare_dispersion": 0.7055668118913355,
      "ci95_welfare_dispersion": 0.432752457880691,
      "mean_surplus_transfer_gap": 1.405924823056296,
      "ci95_surplus_transfer_gap": 0.8677093963593443,
      "negative_balance_violations_total": 0,
      "conservation_breaches_total": 0,
      "risk_rejections_total": 0
    },
    {
      "name": "AgentSweep-RetailBurst",
      "mode": "batch",
      "batch_window_ms": 250,
      "speed_bump_ms": 0,
      "adaptive_window_min_ms": 0,
      "adaptive_window_max_ms": 0,
      "adaptive_window_mean_ms": 0,
      "runs": 4,
      "mean_orders_per_sec": 2532.936507936508,
      "std_orders_per_sec": 3.743643306371564,
      "ci95_orders_per_sec": 3.668770440244133,
      "mean_fills_per_sec": 1339.6825396825398,
      "std_fills_per_sec": 46.949660245072515,
      "ci95_fills_per_sec": 46.010667040171064,
      "mean_p50_latency_ms": 100,
      "std_p50_latency_ms": 7.0710678118654755,
      "ci95_p50_latency_ms": 6.929646455628166,
      "mean_p95_latency_ms": 237.5,
      "std_p95_latency_ms": 8.2915619758885,
      "ci95_p95_latency_ms": 8.12573073637073,
      "mean_p99_latency_ms": 325,
      "std_p99_latency_ms": 89.86100377805714,
      "ci95_p99_latency_ms": 88.063783702496,
      "mean_average_spread": 1,
      "ci95_average_spread": 0,
      "mean_average_price_impact": 5.550283537962707,
      "ci95_average_price_impact": 0.23284243493707976,
      "mean_queue_priority_advantage": 0.05487557998596185,
      "ci95_queue_priority_advantage": 0.02957947054502566,
      "mean_latency_arbitrage_profit": 797,
      "ci95_latency_arbitrage_profit": 87.31904488712642,
      "mean_execution_dispersion": 0.05722753573671789,
      "ci95_execution_dispersion": 0.009469310741639527,
      "mean_retail_surplus_per_unit": -0.09966836465838591,
      "ci95_retail_surplus_per_unit": 0.030547831905708766,
      "mean_arbitrageur_surplus_per_unit": 1.5210781908150333,