{
  "results": [
    {
      "name": "Strategic-Control",
      "runs": 4,
      "mean_orders_per_sec": 1761.1111111111109,
      "ci95_orders_per_sec": 12.08687687504898,
      "mean_fills_per_sec": 1035.9126984126983,
      "ci95_fills_per_sec": 44.86697588083419,
      "mean_p99_latency_ms": 440,
      "ci95_p99_latency_ms": 74.63457643746631,
      "mean_average_price_impact": 4.803415882787505,
      "ci95_average_price_impact": 0.5160180278374692,
      "mean_retail_surplus_per_unit": -0.06914702625840811,
      "ci95_retail_surplus_per_unit": 0.16861522955942676,
      "mean_retail_adverse_selection_rate": 0.4713653923425761,
      "ci95_retail_adverse_selection_rate": 0.011396785410440544,
      "mean_surplus_transfer_gap": 1.2831662125908803,
      "ci95_surplus_transfer_gap": 0.5021371101162352
    },
    {
      "name": "Strategic-HighArb",
      "runs": 4,
      "mean_orders_per_sec": 1995.6349206349207,
      "ci95_orders_per_sec": 18.228064781512444,
      "mean_fills_per_sec": 1318.2539682539682,
      "ci95_fills_per_sec": 41.361400267625925,
      "mean_p99_latency_ms": 470,
      "ci95_p99_latency_ms": 30.205628614547983,
      "mean_average_price_impact": 4.484821112640164,
      "ci95_average_price_impact": 0.6828474771815262,
      "mean_retail_surplus_per_unit": -0.33697169575040575,
      "ci95_retail_surplus_per_unit": 0.15803521994253977,
      "mean_retail_adverse_selection_rate": 0.4409545139322744,
      "ci95_retail_adverse_selection_rate": 0.04765864937677546,
      "mean_surplus_transfer_gap": 1.2387226109911254,
      "ci95_surplus_transfer_gap": 0.7349688945161179
    },
    {
      "name": "Strategic-RetailBurst",
      "runs": 4,
      "mean_orders_per_sec": 2693.8492063492063,
      "ci95_orders_per_sec": 8.771578331164335,
      "mean_fills_per_sec": 1508.9285714285713,
      "ci95_fills_per_sec": 67.32468660102265,
      "mean_p99_latency_ms": 315,
      "ci95_p99_latency_ms": 99.33836117029513,
      "mean_average_price_impact": 4.70177311100193,
      "ci95_average_price_impact": 0.6414311247468477,
      "mean_retail_surplus_per_unit": 0.018907844048937424,
      "ci95_retail_surplus_per_unit": 0.1291506333248902,
      "mean_retail_adverse_selection_rate": 0.478145352405598,
      "ci95_retail_adverse_selection_rate": 0.029933293555903302,
      "mean_surplus_transfer_gap": 1.4008710979734627,
      "ci95_surplus_transfer_gap": 0.49613767470768577
    }
  ],
  "seeds": [
    521,
    523,
    541,
    547
  ]
}
