{
  "results": [
    {
      "name": "Ablation-Control",
      "mode": "batch",
      "batch_window_ms": 250,
      "speed_bump_ms": 0,
      "adaptive_window_min_ms": 0,
      "adaptive_window_max_ms": 0,
      "adaptive_window_mean_ms": 0,
      "runs": 4,
      "mean_orders_per_sec": 1190.4761904761904,
      "std_orders_per_sec": 0,
      "ci95_orders_per_sec": 0,
      "mean_fills_per_sec": 586.3095238095239,
      "std_fills_per_sec": 4.250850255085042,
      "ci95_fills_per_sec": 4.165833249983341,
      "mean_p50_latency_ms": 95,
      "std_p50_latency_ms": 5,
      "ci95_p50_latency_ms": 4.9,
      "mean_p95_latency_ms": 247.5,
      "std_p95_latency_ms": 4.330127018922194,
      "ci95_p95_latency_ms": 4.243524478543749,
      "mean_p99_latency_ms": 372.5,
      "std_p99_latency_ms": 89.54747344286157,
      "ci95_p99_latency_ms": 87.75652397400434,
      "mean_average_spread": 1.002,
      "ci95_average_spread": 0.003394819582835003,
      "mean_average_price_impact": 6.294163057668499,
      "ci95_average_price_impact": 0.5530210340038724,
      "mean_queue_priority_advantage": -0.05034767647233592,
      "ci95_queue_priority_advantage": 0.020205207233756194,
      "mean_latency_arbitrage_profit": 730.25,
      "ci95_latency_arbitrage_profit": 100.63119633095893,
      "mean_execution_dispersion": 0.17065036708666845,
      "ci95_execution_dispersion": 0.0038852072946130947,
      "mean_retail_surplus_per_unit": -0.1039070303585791,
      "ci95_retail_surplus_per_unit": 0.1595973991630069,
      "mean_arbitrageur_surplus_per_unit": 0.2681275176559151,
      "ci95_arbitrageur_surplus_per_unit": 0.9108384294036233,
      "mean_retail_adverse_selection_rate": 0.4844788889299392,
      "ci95_retail_adverse_selection_rate": 0.03839106198987202,
      "mean_welfare_dispersion": 0.48083631194108534,
      "ci95_welfare_dispersion": 0.11048594260836324,
      "mean_surplus_transfer_gap": 0.37203454801449415,
      "ci95_surplus_transfer_gap": 0.8017788144940142,
      "negative_balance_violations_total": 0,
      "conservation_breaches_total": 0,
      "risk_rejections_total": 2922
    },
    {
      "name": "Ablation-RelaxedRisk",
      "mode": "batch",
      "batch_window_ms": 250,
      "speed_bump_ms": 0,
      "adaptive_window_min_ms": 0,
      "adaptive_window_max_ms": 0,
      "adaptive_window_mean_ms": 0,
      "runs": 4,
      "mean_orders_per_sec": 1770.2380952380952,
      "std_orders_per_sec": 8.703060396611628,
      "ci95_orders_per_sec": 8.528999188679395,
      "mean_fills_per_sec": 943.2539682539683,
      "std_fills_per_sec": 53.94052742480568,
      "ci95_fills_per_sec": 52.861716876309565,
      "mean_p50_latency_ms": 97.5,
      "std_p50_latency_ms": 8.2915619758885,
      "ci95_p50_latency_ms": 8.12573073637073,
      "mean_p95_latency_ms": 237.5,
      "std_p95_latency_ms": 8.2915619758885,
      "ci95_p95_latency_ms": 8.12573073637073,
      "mean_p99_latency_ms": 282.5,
      "std_p99_latency_ms": 31.12474899497183,
      "ci95_p99_latency_ms": 30.502254015072396,
      "mean_average_spread": 1,
      "ci95_average_spread": 0,
      "mean_average_price_impact": 6.103703350424401,
      "ci95_average_price_impact": 0.576575431744744,
      "mean_queue_priority_advantage": 0.0404098401316661,
      "ci95_queue_priority_advantage": 0.021021305624446086,
      "mean_latency_arbitrage_profit": 2244.75,
      "ci95_latency_arbitrage_profit": 91.96185228125844,
      "mean_execution_dispersion": 0.06440057152509757,
      "ci95_execution_dispersion": 0.003933303690493953,
      "mean_retail_surplus_per_unit": -0.06852961375316025,
      "ci95_retail_surplus_per_unit": 0.15007969020240836,
      "mean_arbitrageur_surplus_per_unit": -0.17113707120558902,
      "ci95_arbitrageur_surplus_per_unit": 0.6712580314050837,
      "mean_retail_adverse_selection_rate": 0.5111735779693293,
      "ci95_retail_adverse_selection_rate": 0.020515685252447468,
      "mean_welfare_dispersion": 0.6261094819996617,
      "ci95_welfare_dispersion": 0.17761760036632693,
      "mean_surplus_transfer_gap": -0.10260745745242877,
      "ci95_surplus_transfer_gap": 0.7678133950889311,
      "negative_balance_violations_total": 0,
      "conservation_breaches_total": 0,
      "risk_rejections_total": 0
    },
    {
      "name": "Ablation-RandomTieBreak",
      "mode": "batch",
      "batch_window_ms": 250,
      "speed_bump_ms": 0,
      "adaptive_window_min_ms": 0,
      "adaptive_window_max_ms": 0,
      "adaptive_window_mean_ms": 0,
      "runs": 4,
      "mean_orders_per_sec": 1190.4761904761904,
      "std_orders_per_sec": 0,
      "ci95_orders_per_sec": 0,
      "mean_fills_per_sec": 591.8650793650794,
      "std_fills_per_sec": 21.939636087347754,
      "ci95_fills_per_sec": 21.500843365600797,
      "mean_p50_latency_ms": 92.5,
      "std_p50_latency_ms": 4.330127018922194,
      "ci95_p50_latency_ms": 4.243524478543749,
      "mean_p95_latency_ms": 242.5,
      "std_p95_latency_ms": 8.2915619758885,
      "ci95_p95_latency_ms": 8.12573073637073,
      "mean_p99_latency_ms": 382.5,
      "std_p99_latency_ms": 81.66241485530537,
      "ci95_p99_latency_ms": 80.02916655819926,
      "mean_average_spread": 1.002,
      "ci95_average_spread": 0.003394819582835003,
      "mean_average_price_impact": 6.213171735081584,
      "ci95_average_price_impact": 0.5941261140581299,
      "mean_queue_priority_advantage": -0.05435515420497402,
      "ci95_queue_priority_advantage": 0.006957385596999139,
      "mean_latency_arbitrage_profit": 730,
      "ci95_latency_arbitrage_profit": 86.14807600869564,
      "mean_execution_dispersion": 0.1729748635507451,
      "ci95_execution_dispersion": 0.003187004717175037,
      "mean_retail_surplus_per_unit": -0.27609721248505,
      "ci95_retail_surplus_per_unit": 0.30758225636088377,
      "mean_arbitrageur_surplus_per_unit": 0.4080615744366263,
      "ci95_arbitrageur_surplus_per_unit": 0.6748379010960195,
      "mean_retail_adverse_selection_rate": 0.5141695061758715,
      "ci95_retail_adverse_selection_rate": 0.024279148948655342,
      "mean_welfare_dispersion": 0.47877507778922945,
      "ci95_welfare_dispersion": 0.13814217061707101,
      "mean_surplus_transfer_gap": 0.6841587869216763,
      "ci95_surplus_transfer_gap": 0.9596044469924022,
      "negative_balance_violations_total": 0,
      "conservation_breaches_total": 0,
      "risk_rejections_total": 2927
    },
    {
      "name": "Ablation-NoSettlementChecks",
      "mode": "batch",
      "batch_window_ms": 250,
      "speed_bump_ms": 0,
      "adaptive_window_min_ms": 0,
      "adaptive_window_max_ms": 0,
      "adaptive_window_mean_ms": 0,
      "runs": 4,
      "mean_orders_per_sec": 1190.4761904761904,
      "std_orders_per_sec": 0,
      "ci95_orders_per_sec": 0,
      "mean_fills_per_sec": 586.3095238095239,
      "std_fills_per_sec": 4.250850255085042,
      "ci95_fills_per_sec": 4.165833249983341,
      "mean_p50_latency_ms": 95,
      "std_p50_latency_ms": 5,
      "ci95_p50_latency_ms": 4.9,
      "mean_p95_latency_ms": 247.5,
      "std_p95_latency_ms": 4.330127018922194,
      "ci95_p95_latency_ms": 4.243524478543749,
      "mean_p99_latency_ms": 372.5,
      "std_p99_latency_ms": 89.54747344286157,
      "ci95_p99_latency_ms": 87.75652397400434,
      "mean_average_spread": 1.002,
      "ci95_average_spread": 0.003394819582835003,
      "mean_average_price_impact": 6.294163057668499,
      "ci95_average_price_impact": 0.5530210340038724,
      "mean_queue_priority_advantage": -0.05034767647233592,
      "ci95_queue_priority_advantage": 0.020205207233756194,
      "mean_latency_arbitrage_profit": 730.25,
      "ci95_latency_arbitrage_profit": 100.63119633095893,
      "mean_execution_dispersion": 0.17065036708666845,
      "ci95_execution_dispersion": 0.0038852072946130947,
      "mean_retail_surplus_per_unit": -0.1039070303585791,
      "ci95_retail_surplus_per_unit": 0.1595973991630069,