{
  "results": [
    {
      "variant": "control",
      "policy": "burst_aware",
      "runs": 16,
      "mean_orders_per_sec": 40.089397089397096,
      "ci95_orders_per_sec": 1.7590586431643367,
      "mean_fills_per_sec": 47.15722453222455,
      "ci95_fills_per_sec": 3.4291720437260262,
      "mean_p99_latency_ms": 6000,
      "ci95_p99_latency_ms": 0,
      "mean_retail_surplus_per_unit": 1.246312008227515,
      "ci95_retail_surplus_per_unit": 0.20065143894893803,
      "mean_retail_adverse_selection_rate": 0.4248218785835802,
      "ci95_retail_adverse_selection_rate": 0.009221985430390461,
      "mean_surplus_transfer_gap": 5.832151762835309,
      "ci95_surplus_transfer_gap": 0.16746037466348598,
      "negative_balance_violations_total": 0,
      "conservation_breaches_total": 0
    },
    {
      "variant": "control",
      "policy": "ppo_clip",
      "runs": 16,
      "mean_orders_per_sec": 40.089397089397096,
      "ci95_orders_per_sec": 1.7590586431643367,
      "mean_fills_per_sec": 40.53664241164242,
      "ci95_fills_per_sec": 1.852872535158648,
      "mean_p99_latency_ms": 6000,
      "ci95_p99_latency_ms": 0,
      "mean_retail_surplus_per_unit": 1.102262430202602,
      "ci95_retail_surplus_per_unit": 0.20786367778501777,
      "mean_retail_adverse_selection_rate": 0.42286744610243004,
      "ci95_retail_adverse_selection_rate": 0.009788369161726306,
      "mean_surplus_transfer_gap": 6.658954750219817,
      "ci95_surplus_transfer_gap": 0.35860927545903165,
      "negative_balance_violations_total": 0,
      "conservation_breaches_total": 0
    },
    {
      "variant": "control",
      "policy": "iql",
      "runs": 16,
      "mean_orders_per_sec": 40.089397089397096,
      "ci95_orders_per_sec": 1.7590586431643367,
      "mean_fills_per_sec": 58.859277546777555,
      "ci95_fills_per_sec": 1.7219479519011607,
      "mean_p99_latency_ms": 1500,
      "ci95_p99_latency_ms": 245,
      "mean_retail_surplus_per_unit": 0.09928851256075939,
      "ci95_retail_surplus_per_unit": 0.16491133909428946,
      "mean_retail_adverse_selection_rate": 0.4170260410601145,
      "ci95_retail_adverse_selection_rate": 0.016069535294371676,
      "mean_surplus_transfer_gap": 3.960219006484916,
      "ci95_surplus_transfer_gap": 0.25902629946686906,
      "negative_balance_violations_total": 0,
      "conservation_breaches_total": 0
    },
    {
      "variant": "matching_only",
      "policy": "burst_aware",
      "runs": 16,
      "mean_orders_per_sec": 40.172916666666666,
      "ci95_orders_per_sec": 1.7627233486709286,
      "mean_fills_per_sec": 32.390234375,
      "ci95_fills_per_sec": 1.4504517124786116,
      "mean_p99_latency_ms": 1000,
      "ci95_p99_latency_ms": 0,
      "mean_retail_surplus_per_unit": -0.46655712608648897,
      "ci95_retail_surplus_per_unit": 0.20726936281421926,
      "mean_retail_adverse_selection_rate": 0.4398933312446878,
      "ci95_retail_adverse_selection_rate": 0.020465487312102668,
      "mean_surplus_transfer_gap": 5.213187661640424,
      "ci95_surplus_transfer_gap": 0.26544623925337546,
      "negative_balance_violations_total": 0,
      "conservation_breaches_total": 0
    },
    {
      "variant": "matching_only",
      "policy": "ppo_clip",
      "runs": 16,
      "mean_orders_per_sec": 40.172916666666666,
      "ci95_orders_per_sec": 1.7627233486709286,
      "mean_fills_per_sec": 32.39088541666667,
      "ci95_fills_per_sec": 1.4509282986917746,
      "mean_p99_latency_ms": 1000,
      "ci95_p99_latency_ms": 0,
      "mean_retail_surplus_per_unit": -0.464728483773866,
      "ci95_retail_surplus_per_unit": 0.20603448386644443,
      "mean_retail_adverse_selection_rate": 0.43971576258500567,
      "ci95_retail_adverse_selection_rate": 0.02033392309954636,
      "mean_surplus_transfer_gap": 5.2043455685711155,
      "ci95_surplus_transfer_gap": 0.2636107085192159,
      "negative_balance_violations_total": 0,
      "conservation_breaches_total": 0
    },
    {
      "variant": "matching_only",
      "policy": "iql",
      "runs": 16,
      "mean_orders_per_sec": 40.172916666666666,
      "ci95_orders_per_sec": 1.7627233486709286,
      "mean_fills_per_sec": 32.70924479166667,
      "ci95_fills_per_sec": 1.4732575617890205,
      "mean_p99_latency_ms": 1000,
      "ci95_p99_latency_ms": 0,
      "mean_retail_surplus_per_unit": -0.5730431806103019,
      "ci95_retail_surplus_per_unit": 0.25965792415151595,
      "mean_retail_adverse_selection_rate": 0.4704597757185646,
      "ci95_retail_adverse_selection_rate": 0.029978490491113993,
      "mean_surplus_transfer_gap": 4.5771925450633875,
      "ci95_surplus_transfer_gap": 0.22887931194645672,
      "negative_balance_violations_total": 0,
      "conservation_breaches_total": 0
    },
    {
      "variant": "no_settlement",
      "policy": "burst_aware",
      "runs": 16,
      "mean_orders_per_sec": 40.089397089397096,
      "ci95_orders_per_sec": 1.7590586431643367,
      "mean_fills_per_sec": 47.15722453222455,
      "ci95_fills_per_sec": 3.4291720437260262,
      "mean_p99_latency_ms": 6000,
      "ci95_p99_latency_ms": 0,
      "mean_retail_surplus_per_unit": 1.246312008227515,
      "ci95_retail_surplus_per_unit": 0.20065143894893803,
      "mean_retail_adverse_selection_rate": 0.4248218785835802,
      "ci95_retail_adverse_selection_rate": 0.009221985430390461,
      "mean_surplus_transfer_gap": 5.832151762835309,
      "ci95_surplus_transfer_gap": 0.16746037466348598,
      "negative_balance_violations_total": 0,
      "conservation_breaches_total": 0
    },
    {
      "variant": "no_settlement",
      "policy": "ppo_clip",
      "runs": 16,
      "mean_orders_per_sec": 40.089397089397096,
      "ci95_orders_per_sec": 1.7590586431643367,
      "mean_fills_per_sec": 40.53664241164242,
      "ci95_fills_per_sec": 1.852872535158648,
      "mean_p99_latency_ms": 6000,
      "ci95_p99_latency_ms": 0,
      "mean_retail_surplus_per_unit": 1.102262430202602,
      "ci95_retail_surplus_per_unit": 0.20786367778501777,
      "mean_retail_adverse_selection_rate": 0.42286744610243004,
      "ci95_retail_adverse_selection_rate": 0.009788369161726306,
      "mean_surplus_transfer_gap": 6.658954750219817,
      "ci95_surplus_transfer_gap": 0.35860927545903165,
      "negative_balance_violations_total": 0,
      "conservation_breaches_total": 0
    },
    {
      "variant": "no_settlement",
      "policy": "iql",
      "runs": 16,
      "mean_orders_per_sec": 40.089397089397096,
      "ci95_orders_per_sec": 1.7590586431643367,
      "mean_fills_per_sec": 58.859277546777555,
      "ci95_fills_per_sec": 1.7219479519011607,
      "mean_p99_latency_ms": 1500,
      "ci95_p99_latency_ms": 245,
      "mean_retail_surplus_per_unit": 0.09928851256075939,
      "ci95_retail_surplus_per_unit": 0.16491133909428946,
      "mean_retail_adverse_selection_rate": 0.4170260410601145,
      "ci95_retail_adverse_selection_rate": 0.016069535294371676,
      "mean_surplus_transfer_gap": 3.960219006484916,
      "ci95_surplus_transfer_gap": 0.25902629946686906,
      "negative_balance_violations_total": 0,
      "conservation_breaches_total": 0
    },
    {
      "variant": "no_welfare_reward",
      "policy": "burst_aware",
      "runs": 16,
      "mean_orders_per_sec": 40.089397089397096,
      "ci95_orders_per_sec": 1.7590586431643367,
      "mean_fills_per_sec": 47.15722453222455,
      "ci95_fills_per_sec": 3.4291720437260262,
      "mean_p99_latency_ms": 6000,
      "ci95_p99_latency_ms": 0,
      "mean_retail_surplus_per_unit": 1.246312008227515,
      "ci95_retail_surplus_per_unit": 0.20065143894893803,
      "mean_retail_adverse_selection_rate": 0.4248218785835802,
      "ci95_retail_adverse_selection_rate": 0.009221985430390461,
      "mean_surplus_transfer_gap": 5.832151762835309,
      "ci95_surplus_transfer_gap": 0.16746037466348598,
      "negative_balance_violations_total": 0,
      "conservation_breaches_total": 0
    },
    {
      "variant": "no_welfare_reward",