{
  "results": [
    {
      "arbitrageur_intensity_multiplier": 0,
      "maker_quote_width_multiplier": 1,
      "runs": 4,
      "mean_orders_per_sec": 1272.4206349206352,
      "ci95_orders_per_sec": 1.3886110833277883,
      "mean_fills_per_sec": 635.7142857142857,
      "ci95_fills_per_sec": 32.68517993914552,
      "mean_p99_latency_ms": 337.5,
      "ci95_p99_latency_ms": 93.83851821080722,
      "mean_average_price_impact": 4.788254970930964,
      "ci95_average_price_impact": 0.49020668556873276,
      "mean_queue_priority_advantage": -0.6075131405749448,
      "ci95_queue_priority_advantage": 0.008957021602499693,
      "mean_latency_arbitrage_profit": 0,
      "ci95_latency_arbitrage_profit": 0,
      "mean_retail_surplus_per_unit": -0.19115265672539122,
      "ci95_retail_surplus_per_unit": 0.131763052070741,
      "mean_retail_adverse_selection_rate": 0.47789408629676644,
      "ci95_retail_adverse_selection_rate": 0.057207274591173474
    },
    {
      "arbitrageur_intensity_multiplier": 0,
      "maker_quote_width_multiplier": 2,
      "runs": 4,
      "mean_orders_per_sec": 1272.4206349206352,
      "ci95_orders_per_sec": 1.3886110833277883,
      "mean_fills_per_sec": 536.5079365079365,
      "ci95_fills_per_sec": 6.802777210652848,
      "mean_p99_latency_ms": 345,
      "ci95_p99_latency_ms": 97.13871524783514,
      "mean_average_price_impact": 4.78313746364751,
      "ci95_average_price_impact": 0.6235733703404126,
      "mean_queue_priority_advantage": -0.5959949902732355,
      "ci95_queue_priority_advantage": 0.008943657669045868,
      "mean_latency_arbitrage_profit": 0,
      "ci95_latency_arbitrage_profit": 0,
      "mean_retail_surplus_per_unit": -0.3795518919748515,
      "ci95_retail_surplus_per_unit": 0.15266107176181362,
      "mean_retail_adverse_selection_rate": 0.5225156222397178,
      "ci95_retail_adverse_selection_rate": 0.011203253494344935
    },
    {
      "arbitrageur_intensity_multiplier": 0,
      "maker_quote_width_multiplier": 3,
      "runs": 4,
      "mean_orders_per_sec": 1272.4206349206352,
      "ci95_orders_per_sec": 1.3886110833277883,
      "mean_fills_per_sec": 500.9920634920635,
      "ci95_fills_per_sec": 25.27104611220002,
      "mean_p99_latency_ms": 432.5,
      "ci95_p99_latency_ms": 75.39474451180267,
      "mean_average_price_impact": 5.084540031975839,
      "ci95_average_price_impact": 0.7067597849868903,
      "mean_queue_priority_advantage": -0.5965812314526435,
      "ci95_queue_priority_advantage": 0.011292282212255476,
      "mean_latency_arbitrage_profit": 0,
      "ci95_latency_arbitrage_profit": 0,
      "mean_retail_surplus_per_unit": -0.5081180687402005,
      "ci95_retail_surplus_per_unit": 0.10879246566583327,
      "mean_retail_adverse_selection_rate": 0.5315466211200669,
      "ci95_retail_adverse_selection_rate": 0.015214118091592087
    },
    {
      "arbitrageur_intensity_multiplier": 1,
      "maker_quote_width_multiplier": 1,
      "runs": 4,
      "mean_orders_per_sec": 1338.2936507936508,
      "ci95_orders_per_sec": 4.165833249983287,
      "mean_fills_per_sec": 661.1111111111111,
      "ci95_fills_per_sec": 12.111875612975807,
      "mean_p99_latency_ms": 352.5,
      "ci95_p99_latency_ms": 105.40696134506486,
      "mean_average_price_impact": 5.034518654271066,
      "ci95_average_price_impact": 0.6212536387087987,
      "mean_queue_priority_advantage": 0.012159886642490791,
      "ci95_queue_priority_advantage": 0.017829405449197377,
      "mean_latency_arbitrage_profit": 730,
      "ci95_latency_arbitrage_profit": 134.01835919007513,
      "mean_retail_surplus_per_unit": -0.45227555773882444,
      "ci95_retail_surplus_per_unit": 0.1531899545252283,
      "mean_retail_adverse_selection_rate": 0.5260264208717772,
      "ci95_retail_adverse_selection_rate": 0.01710816519692679
    },
    {
      "arbitrageur_intensity_multiplier": 1,
      "maker_quote_width_multiplier": 2,
      "runs": 4,
      "mean_orders_per_sec": 1338.2936507936508,
      "ci95_orders_per_sec": 4.165833249983287,
      "mean_fills_per_sec": 562.1031746031747,
      "ci95_fills_per_sec": 30.927670997560337,
      "mean_p99_latency_ms": 365,
      "ci95_p99_latency_ms": 102.43227030579767,
      "mean_average_price_impact": 5.009005306791557,
      "ci95_average_price_impact": 0.6757574908890926,
      "mean_queue_priority_advantage": 0.009575795814395799,
      "ci95_queue_priority_advantage": 0.02107597575210735,
      "mean_latency_arbitrage_profit": 665,
      "ci95_latency_arbitrage_profit": 83.31152861399195,
      "mean_retail_surplus_per_unit": -0.5038782851650627,
      "ci95_retail_surplus_per_unit": 0.16418829728434373,
      "mean_retail_adverse_selection_rate": 0.5270123651097756,
      "ci95_retail_adverse_selection_rate": 0.014175991213193097
    },
    {
      "arbitrageur_intensity_multiplier": 1,
      "maker_quote_width_multiplier": 3,
      "runs": 4,
      "mean_orders_per_sec": 1338.2936507936508,
      "ci95_orders_per_sec": 4.165833249983287,
      "mean_fills_per_sec": 543.8492063492064,
      "ci95_fills_per_sec": 39.78610829900619,
      "mean_p99_latency_ms": 367.5,
      "ci95_p99_latency_ms": 76.34413860932612,
      "mean_average_price_impact": 4.954842244922672,
      "ci95_average_price_impact": 0.5908032858313904,
      "mean_queue_priority_advantage": 0.01758566887460114,
      "ci95_queue_priority_advantage": 0.016611307058740022,
      "mean_latency_arbitrage_profit": 659.5,
      "ci95_latency_arbitrage_profit": 98.39487943993834,
      "mean_retail_surplus_per_unit": -0.684807710730736,
      "ci95_retail_surplus_per_unit": 0.24808344819140948,
      "mean_retail_adverse_selection_rate": 0.5422356642057183,
      "ci95_retail_adverse_selection_rate": 0.021288605982646574
    },
    {
      "arbitrageur_intensity_multiplier": 2,
      "maker_quote_width_multiplier": 1,
      "runs": 4,
      "mean_orders_per_sec": 1404.1666666666667,
      "ci95_orders_per_sec": 8.347534196425482,
      "mean_fills_per_sec": 703.7698412698412,
      "ci95_fills_per_sec": 18.943120677112677,
      "mean_p99_latency_ms": 287.5,
      "ci95_p99_latency_ms": 44.031891851248,
      "mean_average_price_impact": 4.568046267360618,
      "ci95_average_price_impact": 0.7115500500759525,
      "mean_queue_priority_advantage": -0.015206064398188113,
      "ci95_queue_priority_advantage": 0.03163177826497654,
      "mean_latency_arbitrage_profit": 1479.75,
      "ci95_latency_arbitrage_profit": 176.84367468190655,
      "mean_retail_surplus_per_unit": -0.38691437911178017,
      "ci95_retail_surplus_per_unit": 0.11038933039714195,
      "mean_retail_adverse_selection_rate": 0.5007461216083953,
      "ci95_retail_adverse_selection_rate": 0.044605994633421124
    },
    {
      "arbitrageur_intensity_multiplier": 2,
      "maker_quote_width_multiplier": 2,
      "runs": 4,
      "mean_orders_per_sec": 1404.1666666666667,
      "ci95_orders_per_sec": 8.347534196425482,
      "mean_fills_per_sec": 652.7777777777777,
      "ci95_fills_per_sec": 16.43026791332704,
      "mean_p99_latency_ms": 417.5,
      "ci95_p99_latency_ms": 95.36135223453995,
      "mean_average_price_impact": 4.666423976206585,
      "ci95_average_price_impact": 0.7213150756296239,
      "mean_queue_priority_advantage": 0.00014307343070976697,
      "ci95_queue_priority_advantage": 0.03222839650380618,
      "mean_latency_arbitrage_profit": 1576,
      "ci95_latency_arbitrage_profit": 288.4165140902996,
      "mean_retail_surplus_per_unit": -0.4451725421098084,
      "ci95_retail_surplus_per_unit": 0.13850431574173125,
      "mean_retail_adverse_selection_rate": 0.49970234390553026,
      "ci95_retail_adverse_selection_rate": 0.03942589970910547
    },
    {
      "arbitrageur_intensity_multiplier": 2,
      "maker_quote_width_multiplier": 3,
      "runs": 4,
      "mean_orders_per_sec": 1404.1666666666667,
      "ci95_orders_per_sec": 8.347534196425482,
      "mean_fills_per_sec": 618.6507936507937,