{
  "results": [
    {
      "name": "Calibrated-Immediate-Surrogate",
      "mode": "immediate",
      "batch_window_ms": 0,
      "speed_bump_ms": 0,
      "adaptive_window_min_ms": 0,
      "adaptive_window_max_ms": 0,
      "adaptive_window_mean_ms": 0,
      "runs": 4,
      "mean_orders_per_sec": 34.8375,
      "std_orders_per_sec": 0.009882117688025811,
      "ci95_orders_per_sec": 0.009684475334265294,
      "mean_fills_per_sec": 28.534374999999997,
      "std_fills_per_sec": 0.08032999431165867,
      "ci95_fills_per_sec": 0.0787233944254255,
      "mean_p50_latency_ms": 1000,
      "std_p50_latency_ms": 0,
      "ci95_p50_latency_ms": 0,
      "mean_p95_latency_ms": 1000,
      "std_p95_latency_ms": 0,
      "ci95_p95_latency_ms": 0,
      "mean_p99_latency_ms": 1000,
      "std_p99_latency_ms": 0,
      "ci95_p99_latency_ms": 0,
      "mean_average_spread": 12.669791666666665,
      "ci95_average_spread": 2.2358955743798163,
      "mean_average_price_impact": 2.972367737398021,
      "ci95_average_price_impact": 0.30697397456406106,
      "mean_queue_priority_advantage": 0.03470588981950057,
      "ci95_queue_priority_advantage": 0.00611010749836586,
      "mean_latency_arbitrage_profit": 4282,
      "ci95_latency_arbitrage_profit": 246.20147400046167,
      "mean_execution_dispersion": 0.01284256463341104,
      "ci95_execution_dispersion": 0.0018406095392131323,
      "mean_retail_surplus_per_unit": -0.8331340446984645,
      "ci95_retail_surplus_per_unit": 0.09289857086976791,
      "mean_arbitrageur_surplus_per_unit": 3.498966689366713,
      "ci95_arbitrageur_surplus_per_unit": 0.11976979218597375,
      "mean_retail_adverse_selection_rate": 0.538916494252119,
      "ci95_retail_adverse_selection_rate": 0.00834117567997968,
      "mean_welfare_dispersion": 1.6380210325740048,
      "ci95_welfare_dispersion": 0.05332435118847704,
      "mean_surplus_transfer_gap": 4.332100734065177,
      "ci95_surplus_transfer_gap": 0.1397934310567636,
      "negative_balance_violations_total": 0,
      "conservation_breaches_total": 0,
      "risk_rejections_total": 0
    },
    {
      "name": "Calibrated-FBA-2s",
      "mode": "batch",
      "batch_window_ms": 2000,
      "speed_bump_ms": 0,
      "adaptive_window_min_ms": 0,
      "adaptive_window_max_ms": 0,
      "adaptive_window_mean_ms": 0,
      "runs": 4,
      "mean_orders_per_sec": 34.765072765072766,
      "std_orders_per_sec": 0.009861572744807761,
      "ci95_orders_per_sec": 0.009664341289911607,
      "mean_fills_per_sec": 42.409563409563404,
      "std_fills_per_sec": 0.4311386170204748,
      "ci95_fills_per_sec": 0.4225158446800653,
      "mean_p50_latency_ms": 2000,
      "std_p50_latency_ms": 0,
      "ci95_p50_latency_ms": 0,
      "mean_p95_latency_ms": 2000,
      "std_p95_latency_ms": 0,
      "ci95_p95_latency_ms": 0,
      "mean_p99_latency_ms": 2000,
      "std_p99_latency_ms": 0,
      "ci95_p99_latency_ms": 0,
      "mean_average_spread": 1,
      "ci95_average_spread": 0,
      "mean_average_price_impact": 4.14439965372032,
      "ci95_average_price_impact": 0.5658651600944673,
      "mean_queue_priority_advantage": 0.03721334736154808,
      "ci95_queue_priority_advantage": 0.004426275540632415,
      "mean_latency_arbitrage_profit": 4358,
      "ci95_latency_arbitrage_profit": 315.98200043673376,
      "mean_execution_dispersion": 0.016037022196523684,
      "ci95_execution_dispersion": 0.0008443980180248187,
      "mean_retail_surplus_per_unit": 0.01852680609300067,
      "ci95_retail_surplus_per_unit": 0.11458012495883553,
      "mean_arbitrageur_surplus_per_unit": 3.4112648673964854,
      "ci95_arbitrageur_surplus_per_unit": 0.15672886133525507,
      "mean_retail_adverse_selection_rate": 0.4344099880855842,
      "ci95_retail_adverse_selection_rate": 0.011852170373305227,
      "mean_welfare_dispersion": 1.6368611424720445,
      "ci95_welfare_dispersion": 0.043253941341963184,
      "mean_surplus_transfer_gap": 3.3927380613034845,
      "ci95_surplus_transfer_gap": 0.15926538500843376,
      "negative_balance_violations_total": 0,
      "conservation_breaches_total": 0,
      "risk_rejections_total": 0
    },
    {
      "name": "Calibrated-Adaptive-1-3s",
      "mode": "adaptive_batch",
      "batch_window_ms": 0,
      "speed_bump_ms": 0,
      "adaptive_window_min_ms": 1000,
      "adaptive_window_max_ms": 3000,
      "adaptive_window_mean_ms": 2987.577639751553,
      "runs": 4,
      "mean_orders_per_sec": 34.765072765072766,
      "std_orders_per_sec": 0.009861572744807761,
      "ci95_orders_per_sec": 0.009664341289911607,
      "mean_fills_per_sec": 40.102910602910605,
      "std_fills_per_sec": 0.6011129915353226,
      "ci95_fills_per_sec": 0.5890907317046161,
      "mean_p50_latency_ms": 2000,
      "std_p50_latency_ms": 0,
      "ci95_p50_latency_ms": 0,
      "mean_p95_latency_ms": 3000,
      "std_p95_latency_ms": 0,
      "ci95_p95_latency_ms": 0,
      "mean_p99_latency_ms": 3000,
      "std_p99_latency_ms": 0,
      "ci95_p99_latency_ms": 0,
      "mean_average_spread": 1,
      "ci95_average_spread": 0,
      "mean_average_price_impact": 5.465425049352161,
      "ci95_average_price_impact": 0.6078514905594686,
      "mean_queue_priority_advantage": 0.031441573514691595,
      "ci95_queue_priority_advantage": 0.008620171279040863,
      "mean_latency_arbitrage_profit": 5758,
      "ci95_latency_arbitrage_profit": 340.46573777694573,
      "mean_execution_dispersion": 0.01563842701664173,
      "ci95_execution_dispersion": 0.002354167436708329,
      "mean_retail_surplus_per_unit": 0.21101441148332556,
      "ci95_retail_surplus_per_unit": 0.20145942795601832,
      "mean_arbitrageur_surplus_per_unit": 4.451309997524061,
      "ci95_arbitrageur_surplus_per_unit": 0.18249208191403363,
      "mean_retail_adverse_selection_rate": 0.431387536435365,
      "ci95_retail_adverse_selection_rate": 0.01329376808837125,
      "mean_welfare_dispersion": 2.1903311440464575,
      "ci95_welfare_dispersion": 0.07635679485189499,
      "mean_surplus_transfer_gap": 4.240295586040736,
      "ci95_surplus_transfer_gap": 0.32303004701864735,
      "negative_balance_violations_total": 0,
      "conservation_breaches_total": 0,
      "risk_rejections_total": 0
    },
    {
      "name": "Calibrated-Policy-LearnedOfflineContextual-1-3s",
      "mode": "adaptive_batch",
      "batch_window_ms": 0,
      "speed_bump_ms": 0,
      "adaptive_window_min_ms": 1000,
      "adaptive_window_max_ms": 1000,
      "adaptive_window_mean_ms": 1002.092050209205,
      "runs": 4,
      "mean_orders_per_sec": 34.765072765072766,
      "std_orders_per_sec": 0.009861572744807761,
      "ci95_orders_per_sec": 0.009664341289911607,
      "mean_fills_per_sec": 52.13565488565488,
      "std_fills_per_sec": 1.1296515396734568,
      "ci95_fills_per_sec": 1.1070585088799876,
      "mean_p50_latency_ms": 1000,
      "std_p50_latency_ms": 0,
      "ci95_p50_latency_ms": 0,
      "mean_p95_latency_ms": 1000,
      "std_p95_latency_ms": 0,
      "ci95_p95_latency_ms": 0,
      "mean_p99_latency_ms": 1500,
      "std_p99_latency_ms": 500,
      "ci95_p99_latency_ms": 490,
      "mean_average_spread": 1,
      "ci95_average_spread": 0,
      "mean_average_price_impact": 3.8891506835837015,
      "ci95_average_price_impact": 0.5345043363494406,
      "mean_queue_priority_advantage": 0.04933606421404024,
      "ci95_queue_priority_advantage": 0.008719357163766015,
      "mean_latency_arbitrage_profit": 3883.5,
      "ci95_latency_arbitrage_profit": 260.20476417621563,
      "mean_execution_dispersion": 0.02163213803871245,
      "ci95_execution_dispersion": 0.0014809066956198006,
      "mean_retail_surplus_per_unit": -0.12113368661998439,
      "ci95_retail_surplus_per_unit": 0.09175944831970884,
      "mean_arbitrageur_surplus_per_unit": 3.0444926667456467,
      "ci95_arbitrageur_surplus_per_unit": 0.13284489703614077,
      "mean_retail_adverse_selection_rate": 0.4370064695350996,