{
  "heldout_regimes": [
    "HeldOut-HighArbWideMaker",
    "HeldOut-RetailBurst",
    "HeldOut-InformedWide",
    "HeldOut-CompositeStress"
  ],
  "heldout_seeds": [
    223,
    227,
    229,
    233
  ],
  "results": [
    {
      "episode": 0,
      "mean_episode_reward": 0,
      "runs": 16,
      "mean_fills_per_sec": 999.702380952381,
      "ci95_fills_per_sec": 186.21423125236828,
      "mean_p99_latency_ms": 208.125,
      "ci95_p99_latency_ms": 33.69167587754429,
      "mean_retail_surplus_per_unit": -0.09719067806192233,
      "ci95_retail_surplus_per_unit": 0.12214805095709647,
      "mean_retail_adverse_selection_rate": 0.4708087286458945,
      "ci95_retail_adverse_selection_rate": 0.02740418376971541,
      "mean_surplus_transfer_gap": 1.5296390664912851,
      "ci95_surplus_transfer_gap": 0.3778515061452497
    },
    {
      "episode": 20,
      "mean_episode_reward": 934.4909430465914,
      "runs": 16,
      "mean_fills_per_sec": 933.4325396825396,
      "ci95_fills_per_sec": 176.88149922077633,
      "mean_p99_latency_ms": 163.125,
      "ci95_p99_latency_ms": 13.936898809903873,
      "mean_retail_surplus_per_unit": 0.04327587149697804,
      "ci95_retail_surplus_per_unit": 0.12467716722703984,
      "mean_retail_adverse_selection_rate": 0.505773826066598,
      "ci95_retail_adverse_selection_rate": 0.014609610438510957,
      "mean_surplus_transfer_gap": 2.5657359727297697,
      "ci95_surplus_transfer_gap": 0.5203600391573536
    },
    {
      "episode": 40,
      "mean_episode_reward": 893.9285351433497,
      "runs": 16,
      "mean_fills_per_sec": 933.4325396825396,
      "ci95_fills_per_sec": 176.88149922077633,
      "mean_p99_latency_ms": 163.125,
      "ci95_p99_latency_ms": 13.936898809903873,
      "mean_retail_surplus_per_unit": 0.04327587149697804,
      "ci95_retail_surplus_per_unit": 0.12467716722703984,
      "mean_retail_adverse_selection_rate": 0.505773826066598,
      "ci95_retail_adverse_selection_rate": 0.014609610438510957,
      "mean_surplus_transfer_gap": 2.5657359727297697,
      "ci95_surplus_transfer_gap": 0.5203600391573536
    },
    {
      "episode": 60,
      "mean_episode_reward": 891.425345885573,
      "runs": 16,
      "mean_fills_per_sec": 933.4325396825396,
      "ci95_fills_per_sec": 176.88149922077633,
      "mean_p99_latency_ms": 163.125,
      "ci95_p99_latency_ms": 13.936898809903873,
      "mean_retail_surplus_per_unit": 0.04327587149697804,
      "ci95_retail_surplus_per_unit": 0.12467716722703984,
      "mean_retail_adverse_selection_rate": 0.505773826066598,
      "ci95_retail_adverse_selection_rate": 0.014609610438510957,
      "mean_surplus_transfer_gap": 2.5657359727297697,
      "ci95_surplus_transfer_gap": 0.5203600391573536
    },
    {
      "episode": 80,
      "mean_episode_reward": 883.2240584771555,
      "runs": 16,
      "mean_fills_per_sec": 933.4325396825396,
      "ci95_fills_per_sec": 176.88149922077633,
      "mean_p99_latency_ms": 163.125,
      "ci95_p99_latency_ms": 13.936898809903873,
      "mean_retail_surplus_per_unit": 0.04327587149697804,
      "ci95_retail_surplus_per_unit": 0.12467716722703984,
      "mean_retail_adverse_selection_rate": 0.505773826066598,
      "ci95_retail_adverse_selection_rate": 0.014609610438510957,
      "mean_surplus_transfer_gap": 2.5657359727297697,
      "ci95_surplus_transfer_gap": 0.5203600391573536
    },
    {
      "episode": 100,
      "mean_episode_reward": 916.577976157931,
      "runs": 16,
      "mean_fills_per_sec": 933.4325396825396,
      "ci95_fills_per_sec": 176.88149922077633,
      "mean_p99_latency_ms": 163.125,
      "ci95_p99_latency_ms": 13.936898809903873,
      "mean_retail_surplus_per_unit": 0.04327587149697804,
      "ci95_retail_surplus_per_unit": 0.12467716722703984,
      "mean_retail_adverse_selection_rate": 0.505773826066598,
      "ci95_retail_adverse_selection_rate": 0.014609610438510957,
      "mean_surplus_transfer_gap": 2.5657359727297697,
      "ci95_surplus_transfer_gap": 0.5203600391573536
    },
    {
      "episode": 120,
      "mean_episode_reward": 880.7537588965249,
      "runs": 16,
      "mean_fills_per_sec": 933.4325396825396,
      "ci95_fills_per_sec": 176.88149922077633,
      "mean_p99_latency_ms": 163.125,
      "ci95_p99_latency_ms": 13.936898809903873,
      "mean_retail_surplus_per_unit": 0.04327587149697804,
      "ci95_retail_surplus_per_unit": 0.12467716722703984,
      "mean_retail_adverse_selection_rate": 0.505773826066598,
      "ci95_retail_adverse_selection_rate": 0.014609610438510957,
      "mean_surplus_transfer_gap": 2.5657359727297697,
      "ci95_surplus_transfer_gap": 0.5203600391573536
    },
    {
      "episode": 140,
      "mean_episode_reward": 908.0814077483781,
      "runs": 16,
      "mean_fills_per_sec": 933.4325396825396,
      "ci95_fills_per_sec": 176.88149922077633,
      "mean_p99_latency_ms": 163.125,
      "ci95_p99_latency_ms": 13.936898809903873,
      "mean_retail_surplus_per_unit": 0.04327587149697804,
      "ci95_retail_surplus_per_unit": 0.12467716722703984,
      "mean_retail_adverse_selection_rate": 0.505773826066598,
      "ci95_retail_adverse_selection_rate": 0.014609610438510957,
      "mean_surplus_transfer_gap": 2.5657359727297697,
      "ci95_surplus_transfer_gap": 0.5203600391573536
    },
    {
      "episode": 160,
      "mean_episode_reward": 880.7281974705144,
      "runs": 16,
      "mean_fills_per_sec": 933.4325396825396,
      "ci95_fills_per_sec": 176.88149922077633,
      "mean_p99_latency_ms": 163.125,
      "ci95_p99_latency_ms": 13.936898809903873,
      "mean_retail_surplus_per_unit": 0.04327587149697804,
      "ci95_retail_surplus_per_unit": 0.12467716722703984,
      "mean_retail_adverse_selection_rate": 0.505773826066598,
      "ci95_retail_adverse_selection_rate": 0.014609610438510957,
      "mean_surplus_transfer_gap": 2.5657359727297697,
      "ci95_surplus_transfer_gap": 0.5203600391573536
    }
  ],
  "training_seeds": [
    307,
    311,
    313,
    317,
    331,
    337
  ]
}
