{
  "heldout_regimes": [
    "HeldOut-HighArbWideMaker",
    "HeldOut-RetailBurst",
    "HeldOut-InformedWide",
    "HeldOut-CompositeStress"
  ],
  "heldout_seeds": [
    223,
    227,
    229,
    233
  ],
  "results": [
    {
      "iteration": 0,
      "mean_bellman_mse": 0,
      "runs": 16,
      "mean_fills_per_sec": 875.5456349206349,
      "ci95_fills_per_sec": 145.747961411783,
      "mean_p99_latency_ms": 336.25,
      "ci95_p99_latency_ms": 37.31226130576918,
      "mean_retail_surplus_per_unit": -0.7329945834190587,
      "ci95_retail_surplus_per_unit": 0.23133880766409468,
      "mean_retail_adverse_selection_rate": 0.5320030553238266,
      "ci95_retail_adverse_selection_rate": 0.01522989717260134,
      "mean_surplus_transfer_gap": 3.256749889367449,
      "ci95_surplus_transfer_gap": 0.6388259364103506
    },
    {
      "iteration": 1,
      "mean_bellman_mse": 43.869506868326084,
      "runs": 16,
      "mean_fills_per_sec": 934.970238095238,
      "ci95_fills_per_sec": 178.31612928518922,
      "mean_p99_latency_ms": 157.5,
      "ci95_p99_latency_ms": 12.064850807200228,
      "mean_retail_surplus_per_unit": 0.027260400652715386,
      "ci95_retail_surplus_per_unit": 0.12700230622097186,
      "mean_retail_adverse_selection_rate": 0.5046627085161982,
      "ci95_retail_adverse_selection_rate": 0.014359361577505152,
      "mean_surplus_transfer_gap": 2.5952490585801526,
      "ci95_surplus_transfer_gap": 0.5357732629008403
    },
    {
      "iteration": 2,
      "mean_bellman_mse": 40.526443637692765,
      "runs": 16,
      "mean_fills_per_sec": 936.0119047619047,
      "ci95_fills_per_sec": 178.02707658688044,
      "mean_p99_latency_ms": 155.625,
      "ci95_p99_latency_ms": 11.356053933365235,
      "mean_retail_surplus_per_unit": 0.02598517766160759,
      "ci95_retail_surplus_per_unit": 0.12516889860780098,
      "mean_retail_adverse_selection_rate": 0.5045163282546218,
      "ci95_retail_adverse_selection_rate": 0.01432854540215205,
      "mean_surplus_transfer_gap": 2.57553367126818,
      "ci95_surplus_transfer_gap": 0.5298631263954996
    },
    {
      "iteration": 3,
      "mean_bellman_mse": 27.157391881667568,
      "runs": 16,
      "mean_fills_per_sec": 935.7638888888888,
      "ci95_fills_per_sec": 177.67868328563364,
      "mean_p99_latency_ms": 155.625,
      "ci95_p99_latency_ms": 11.356053933365235,
      "mean_retail_surplus_per_unit": 0.02549022827343374,
      "ci95_retail_surplus_per_unit": 0.1252442916779745,
      "mean_retail_adverse_selection_rate": 0.5045036433075369,
      "ci95_retail_adverse_selection_rate": 0.014328696875823778,
      "mean_surplus_transfer_gap": 2.582973065100798,
      "ci95_surplus_transfer_gap": 0.5349650608641559
    },
    {
      "iteration": 4,
      "mean_bellman_mse": 19.302332257328114,
      "runs": 16,
      "mean_fills_per_sec": 935.7638888888888,
      "ci95_fills_per_sec": 177.67868328563364,
      "mean_p99_latency_ms": 155.625,
      "ci95_p99_latency_ms": 11.356053933365235,
      "mean_retail_surplus_per_unit": 0.02549022827343374,
      "ci95_retail_surplus_per_unit": 0.1252442916779745,
      "mean_retail_adverse_selection_rate": 0.5045036433075369,
      "ci95_retail_adverse_selection_rate": 0.014328696875823778,
      "mean_surplus_transfer_gap": 2.582973065100798,
      "ci95_surplus_transfer_gap": 0.5349650608641559
    },
    {
      "iteration": 5,
      "mean_bellman_mse": 14.391935211564247,
      "runs": 16,
      "mean_fills_per_sec": 934.4742063492062,
      "ci95_fills_per_sec": 178.4799279235221,
      "mean_p99_latency_ms": 157.5,
      "ci95_p99_latency_ms": 12.064850807200228,
      "mean_retail_surplus_per_unit": 0.024078775989279183,
      "ci95_retail_surplus_per_unit": 0.12692129342346609,
      "mean_retail_adverse_selection_rate": 0.504969853157868,
      "ci95_retail_adverse_selection_rate": 0.014401861424017611,
      "mean_surplus_transfer_gap": 2.590343559201741,
      "ci95_surplus_transfer_gap": 0.5318427190544189
    },
    {
      "iteration": 6,
      "mean_bellman_mse": 11.270551641998235,
      "runs": 16,
      "mean_fills_per_sec": 934.9206349206348,
      "ci95_fills_per_sec": 178.26913326051928,
      "mean_p99_latency_ms": 157.5,
      "ci95_p99_latency_ms": 12.064850807200228,
      "mean_retail_surplus_per_unit": 0.02733297181724879,
      "ci95_retail_surplus_per_unit": 0.12706213691062224,
      "mean_retail_adverse_selection_rate": 0.5046489827301612,
      "ci95_retail_adverse_selection_rate": 0.014365077935402393,
      "mean_surplus_transfer_gap": 2.596303972576171,
      "ci95_surplus_transfer_gap": 0.5356192800440571
    },
    {
      "iteration": 7,
      "mean_bellman_mse": 9.254650800574456,
      "runs": 16,
      "mean_fills_per_sec": 934.970238095238,
      "ci95_fills_per_sec": 178.31612928518922,
      "mean_p99_latency_ms": 157.5,
      "ci95_p99_latency_ms": 12.064850807200228,
      "mean_retail_surplus_per_unit": 0.027260400652715386,
      "ci95_retail_surplus_per_unit": 0.12700230622097186,
      "mean_retail_adverse_selection_rate": 0.5046627085161982,
      "ci95_retail_adverse_selection_rate": 0.014359361577505152,
      "mean_surplus_transfer_gap": 2.5952490585801526,
      "ci95_surplus_transfer_gap": 0.5357732629008403
    },
    {
      "iteration": 8,
      "mean_bellman_mse": 7.945420789932786,
      "runs": 16,
      "mean_fills_per_sec": 936.3095238095239,
      "ci95_fills_per_sec": 177.60041336861718,
      "mean_p99_latency_ms": 155,
      "ci95_p99_latency_ms": 11.360182656982238,
      "mean_retail_surplus_per_unit": 0.035218005354340755,
      "ci95_retail_surplus_per_unit": 0.1261367549357307,
      "mean_retail_adverse_selection_rate": 0.5033088203093905,
      "ci95_retail_adverse_selection_rate": 0.014517260359172427,
      "mean_surplus_transfer_gap": 2.5661450861642985,
      "ci95_surplus_transfer_gap": 0.5536474095354752
    }
  ],
  "training_seeds": [
    181,
    191,
    193,
    197,
    199,
    211
  ]
}
